﻿{    "pools": [        {            "rolls": 1,            "entries": [                {                    "type": "item",                    "name": "minecraft:nether_star",                    "weight": 1,                    "functions": [                        {                            "function": "minecraft:set_count",                            "count": {                                "min": 10,                                "max": 40                            }                        }                    ]                }            ]        },        {            "rolls": {                "min": 4,                "max": 8            },            "entries": [                {                    "type": "loot_table",                    "name": "usb:chests/itemrank/F",                    "weight": 1                },                {                    "type": "loot_table",                    "name": "usb:chests/itemrank/E",                    "weight": 1                }            ]        }    ]}