﻿{
    "pools": [
        {
            "rolls": 1,
            "entries": [
                {
                    "type": "item",
                    "name": "minecraft:nether_star",
                    "weight": 1,
                    "functions": [
                        {
                            "function": "minecraft:set_count",
                            "count": {
                                "min": 140,
                                "max": 180
                            }
                        }
                    ]
                }
            ]
        },
        {
            "rolls": {
                "min": 4,
                "max": 6
            },
            "entries": [
                {
                    "type": "loot_table",
                    "name": "usb:chests/itemrank/A",
                    "weight": 1
                }
            ]
        }
    ]
}