﻿{
    "pools": [
        {
            "rolls": 1,
            "entries": [
                {
                    "type": "item",
                    "name": "minecraft:diamond",
                    "weight": 1,
                    "functions": [
                        {
                            "function": "set_count",
                            "count": {
                                "min": 8,
                                "max": 16
                            }
                        }
                    ]
                },
                {
                    "type": "item",
                    "name": "minecraft:iron_ingot",
                    "weight": 1,
                    "functions": [
                        {
                            "function": "set_count",
                            "count": {
                                "min": 8,
                                "max": 16
                            }
                        }
                    ]
                },
                {
                    "type": "item",
                    "name": "minecraft:gold_ingot",
                    "weight": 1,
                    "functions": [
                        {
                            "function": "set_count",
                            "count": {
                                "min": 8,
                                "max": 16
                            }
                        }
                    ]
                },
                {
                    "type": "item",
                    "name": "minecraft:emerald",
                    "weight": 1,
                    "functions": [
                        {
                            "function": "set_count",
                            "count": {
                                "min": 96,
                                "max": 128
                            }
                        }
                    ]
                },
                {
                    "type": "item",
                    "name": "minecraft:dye",
                    "weight": 1,
                    "functions": [
                        {
                            "function": "set_count",
                            "count": {
                                "min": 8,
                                "max": 16
                            }
                        },
                        {
                            "function": "set_data",
                            "data": 4
                        }
                    ]
                },
                {
                    "type": "item",
                    "name": "minecraft:golden_apple",
                    "weight": 1,
                    "functions": [
                        {
                            "function": "set_count",
                            "count": 1
                        },
                        {
                            "function": "set_data",
                            "data": 1
                        }
                    ]
                },
                {
                    "type": "item",
                    "name": "minecraft:iron_helmet",
                    "weight": 1,
                    "functions": [
                        {
                            "function": "enchant_with_levels",
                            "treasure": false,
                            "levels": {
                                "min": 20,
                                "max": 40
                            }
                        }
                    ]
                },
                {
                    "type": "item",
                    "name": "minecraft:iron_chestplate",
                    "weight": 1,
                    "functions": [
                        {
                            "function": "enchant_with_levels",
                            "treasure": false,
                            "levels": {
                                "min": 20,
                                "max": 40
                            }
                        }
                    ]
                },
                {
                    "type": "item",
                    "name": "minecraft:iron_leggings",
                    "weight": 1,
                    "functions": [
                        {
                            "function": "enchant_with_levels",
                            "treasure": false,
                            "levels": {
                                "min": 20,
                                "max": 40
                            }
                        }
                    ]
                },
                {
                    "type": "item",
                    "name": "minecraft:iron_boots",
                    "weight": 1,
                    "functions": [
                        {
                            "function": "enchant_with_levels",
                            "treasure": false,
                            "levels": {
                                "min": 20,
                                "max": 40
                            }
                        }
                    ]
                },
                {
                    "type": "item",
                    "name": "minecraft:diamond_helmet",
                    "weight": 1,
                    "functions": [
                        {
                            "function": "enchant_with_levels",
                            "treasure": false,
                            "levels": {
                                "min": 20,
                                "max": 40
                            }
                        }
                    ]
                },
                {
                    "type": "item",
                    "name": "minecraft:diamond_chestplate",
                    "weight": 1,
                    "functions": [
                        {
                            "function": "enchant_with_levels",
                            "treasure": false,
                            "levels": {
                                "min": 20,
                                "max": 40
                            }
                        }
                    ]
                },
                {
                    "type": "item",
                    "name": "minecraft:diamond_leggings",
                    "weight": 1,
                    "functions": [
                        {
                            "function": "enchant_with_levels",
                            "treasure": false,
                            "levels": {
                                "min": 20,
                                "max": 40
                            }
                        }
                    ]
                },
                {
                    "type": "item",
                    "name": "minecraft:diamond_boots",
                    "weight": 1,
                    "functions": [
                        {
                            "function": "enchant_with_levels",
                            "treasure": false,
                            "levels": {
                                "min": 20,
                                "max": 40
                            }
                        }
                    ]
                },
                {
                    "type": "item",
                    "name": "minecraft:bow",
                    "weight": 1,
                    "functions": [
                        {
                            "function": "enchant_with_levels",
                            "treasure": false,
                            "levels": {
                                "min": 20,
                                "max": 40
                            }
                        }
                    ]
                },
                {
                    "type": "item",
                    "name": "minecraft:iron_sword",
                    "weight": 1,
                    "functions": [
                        {
                            "function": "enchant_with_levels",
                            "treasure": false,
                            "levels": {
                                "min": 20,
                                "max": 40
                            }
                        }
                    ]
                },
                {
                    "type": "item",
                    "name": "minecraft:iron_shovel",
                    "weight": 1,
                    "functions": [
                        {
                            "function": "enchant_with_levels",
                            "treasure": false,
                            "levels": {
                                "min": 20,
                                "max": 40
                            }
                        }
                    ]
                },
                {
                    "type": "item",
                    "name": "minecraft:iron_pickaxe",
                    "weight": 1,
                    "functions": [
                        {
                            "function": "enchant_with_levels",
                            "treasure": false,
                            "levels": {
                                "min": 20,
                                "max": 40
                            }
                        }
                    ]
                },
                {
                    "type": "item",
                    "name": "minecraft:iron_axe",
                    "weight": 1,
                    "functions": [
                        {
                            "function": "enchant_with_levels",
                            "treasure": false,
                            "levels": {
                                "min": 20,
                                "max": 40
                            }
                        }
                    ]
                },
                {
                    "type": "item",
                    "name": "minecraft:iron_hoe",
                    "weight": 1,
                    "functions": [
                        {
                            "function": "enchant_with_levels",
                            "treasure": false,
                            "levels": {
                                "min": 20,
                                "max": 40
                            }
                        }
                    ]
                },
                {
                    "type": "item",
                    "name": "minecraft:diamond_sword",
                    "weight": 1,
                    "functions": [
                        {
                            "function": "enchant_with_levels",
                            "treasure": false,
                            "levels": {
                                "min": 20,
                                "max": 40
                            }
                        }
                    ]
                },
                {
                    "type": "item",
                    "name": "minecraft:diamond_shovel",
                    "weight": 1,
                    "functions": [
                        {
                            "function": "enchant_with_levels",
                            "treasure": false,
                            "levels": {
                                "min": 20,
                                "max": 40
                            }
                        }
                    ]
                },
                {
                    "type": "item",
                    "name": "minecraft:diamond_pickaxe",
                    "weight": 1,
                    "functions": [
                        {
                            "function": "enchant_with_levels",
                            "treasure": false,
                            "levels": {
                                "min": 20,
                                "max": 40
                            }
                        }
                    ]
                },
                {
                    "type": "item",
                    "name": "minecraft:diamond_axe",
                    "weight": 1,
                    "functions": [
                        {
                            "function": "enchant_with_levels",
                            "treasure": false,
                            "levels": {
                                "min": 20,
                                "max": 40
                            }
                        }
                    ]
                },
                {
                    "type": "item",
                    "name": "minecraft:diamond_hoe",
                    "weight": 1,
                    "functions": [
                        {
                            "function": "enchant_with_levels",
                            "treasure": false,
                            "levels": {
                                "min": 20,
                                "max": 40
                            }
                        }
                    ]
                },
                {
                    "type": "item",
                    "name": "minecraft:potion",
                    "weight": 1,
                    "functions": [
                        {
                            "function": "set_nbt",
                            "tag": "{CustomPotionEffects:[{ShowParticles:1b,Duration:0,Id:26b,Amplifier:0b},{ShowParticles:0b,Duration:3,Id:14b,Amplifier:3b}],HideFlags:32,display:{Lore:[\"§aマナがたぽっと詰まった飲み物。\",\"§a飲むとMPがとても大きく回復する。\",\"\",\"§7スプラッシュ化不可\"],Name:\"§2§lスーパーエーテル\"}}"
                        }
                    ]
                },
                {
                    "type": "item",
                    "name": "minecraft:spawn_egg",
                    "weight": 1,
                    "functions": [
                        {
                            "function": "set_nbt",
                            "tag": "{RepairCost:1000000000,ench:[],HideFlags:16,display:{Lore:[\"§r§7鉄§f防具一式§eが圧縮された印玉。\",\"§e使用すると§l§f防具一式§eが§b解凍§eされる。\"],Name:\"§r§f圧縮防具の印玉§7§l-鉄-\"},EntityTag:{DeathTime:19s,DeathLootTable:\"usb:signs/ironarmor\",id:\"Bat\",ActiveEffects:[{ShowParticles:0b,Duration:100,Id:7b,Amplifier:5b},{ShowParticles:0b,Duration:100,Id:14b,Amplifier:0b}],Tags:[\"RewardEgg\",\"TypeChecked\"]},CanPlaceOn:[\"minecraft:stone\",\"minecraft:grass\",\"minecraft:dirt\",\"minecraft:cobblestone\",\"minecraft:planks\",\"minecraft:sapling\",\"minecraft:bedrock\",\"minecraft:flowing_water\",\"minecraft:water\",\"minecraft:flowing_lava\",\"minecraft:lava\",\"minecraft:sand\",\"minecraft:gravel\",\"minecraft:gold_ore\",\"minecraft:iron_ore\",\"minecraft:coal_ore\",\"minecraft:log\",\"minecraft:leaves\",\"minecraft:sponge\",\"minecraft:glass\",\"minecraft:lapis_ore\",\"minecraft:lapis_block\",\"minecraft:dispenser\",\"minecraft:sandstone\",\"minecraft:noteblock\",\"minecraft:bed\",\"minecraft:golden_rail\",\"minecraft:detector_rail\",\"minecraft:sticky_piston\",\"minecraft:web\",\"minecraft:tallgrass\",\"minecraft:deadbush\",\"minecraft:piston\",\"minecraft:piston_head\",\"minecraft:wool\",\"minecraft:piston_extension\",\"minecraft:yellow_flower\",\"minecraft:red_flower\",\"minecraft:brown_mushroom\",\"minecraft:red_mushroom\",\"minecraft:gold_block\",\"minecraft:iron_block\",\"minecraft:double_stone_slab\",\"minecraft:stone_slab\",\"minecraft:brick_block\",\"minecraft:tnt\",\"minecraft:bookshelf\",\"minecraft:mossy_cobblestone\",\"minecraft:obsidian\",\"minecraft:torch\",\"minecraft:fire\",\"minecraft:mob_spawner\",\"minecraft:oak_stairs\",\"minecraft:chest\",\"minecraft:redstone_wire\",\"minecraft:diamond_ore\",\"minecraft:diamond_block\",\"minecraft:crafting_table\",\"minecraft:wheat\",\"minecraft:farmland\",\"minecraft:furnace\",\"minecraft:lit_furnace\",\"minecraft:standing_sign\",\"minecraft:wooden_door\",\"minecraft:ladder\",\"minecraft:rail\",\"minecraft:stone_stairs\",\"minecraft:wall_sign\",\"minecraft:lever\",\"minecraft:stone_pressure_plate\",\"minecraft:iron_door\",\"minecraft:wooden_pressure_plate\",\"minecraft:redstone_ore\",\"minecraft:lit_redstone_ore\",\"minecraft:unlit_redstone_torch\",\"minecraft:redstone_torch\",\"minecraft:stone_button\",\"minecraft:snow_layer\",\"minecraft:ice\",\"minecraft:snow\",\"minecraft:cactus\",\"minecraft:clay\",\"minecraft:reeds\",\"minecraft:jukebox\",\"minecraft:fence\",\"minecraft:pumpkin\",\"minecraft:netherrack\",\"minecraft:soul_sand\",\"minecraft:glowstone\",\"minecraft:portal\",\"minecraft:lit_pumpkin\",\"minecraft:cake\",\"minecraft:unpowered_repeater\",\"minecraft:powered_repeater\",\"minecraft:stained_glass\",\"minecraft:trapdoor\",\"minecraft:monster_egg\",\"minecraft:stonebrick\",\"minecraft:brown_mushroom_block\",\"minecraft:red_mushroom_block\",\"minecraft:iron_bars\",\"minecraft:glass_pane\",\"minecraft:melon_block\",\"minecraft:pumpkin_stem\",\"minecraft:melon_stem\",\"minecraft:vine\",\"minecraft:fence_gate\",\"minecraft:brick_stairs\",\"minecraft:stone_brick_stairs\",\"minecraft:mycelium\",\"minecraft:waterlily\",\"minecraft:nether_brick\",\"minecraft:nether_brick_fence\",\"minecraft:nether_brick_stairs\",\"minecraft:nether_wart\",\"minecraft:enchanting_table\",\"minecraft:brewing_stand\",\"minecraft:cauldron\",\"minecraft:end_portal\",\"minecraft:end_portal_frame\",\"minecraft:end_stone\",\"minecraft:dragon_egg\",\"minecraft:redstone_lamp\",\"minecraft:lit_redstone_lamp\",\"minecraft:double_wooden_slab\",\"minecraft:wooden_slab\",\"minecraft:cocoa\",\"minecraft:sandstone_stairs\",\"minecraft:emerald_ore\",\"minecraft:ender_chest\",\"minecraft:tripwire_hook\",\"minecraft:tripwire\",\"minecraft:emerald_block\",\"minecraft:spruce_stairs\",\"minecraft:birch_stairs\",\"minecraft:jungle_stairs\",\"minecraft:command_block\",\"minecraft:beacon\",\"minecraft:cobblestone_wall\",\"minecraft:flower_pot\",\"minecraft:carrots\",\"minecraft:potatoes\",\"minecraft:wooden_button\",\"minecraft:skull\",\"minecraft:anvil\",\"minecraft:trapped_chest\",\"minecraft:light_weighted_pressure_plate\",\"minecraft:heavy_weighted_pressure_plate\",\"minecraft:unpowered_comparator\",\"minecraft:powered_comparator\",\"minecraft:daylight_detector\",\"minecraft:redstone_block\",\"minecraft:quartz_ore\",\"minecraft:hopper\",\"minecraft:quartz_block\",\"minecraft:quartz_stairs\",\"minecraft:activator_rail\",\"minecraft:dropper\",\"minecraft:stained_hardened_clay\",\"minecraft:stained_glass_pane\",\"minecraft:leaves2\",\"minecraft:log2\",\"minecraft:acacia_stairs\",\"minecraft:dark_oak_stairs\",\"minecraft:slime\",\"minecraft:barrier\",\"minecraft:iron_trapdoor\",\"minecraft:prismarine\",\"minecraft:sea_lantern\",\"minecraft:hay_block\",\"minecraft:carpet\",\"minecraft:hardened_clay\",\"minecraft:coal_block\",\"minecraft:packed_ice\",\"minecraft:double_plant\",\"minecraft:standing_banner\",\"minecraft:wall_banner\",\"minecraft:daylight_detector_inverted\",\"minecraft:red_sandstone\",\"minecraft:red_sandstone_stairs\",\"minecraft:double_stone_slab2\",\"minecraft:stone_slab2\",\"minecraft:spruce_fence_gate\",\"minecraft:birch_fence_gate\",\"minecraft:jungle_fence_gate\",\"minecraft:dark_oak_fence_gate\",\"minecraft:acacia_fence_gate\",\"minecraft:spruce_fence\",\"minecraft:birch_fence\",\"minecraft:jungle_fence\",\"minecraft:dark_oak_fence\",\"minecraft:acacia_fence\",\"minecraft:spruce_door\",\"minecraft:birch_door\",\"minecraft:jungle_door\",\"minecraft:acacia_door\",\"minecraft:dark_oak_door\",\"minecraft:end_rod\",\"minecraft:chorus_plant\",\"minecraft:chorus_flower\",\"minecraft:purpur_block\",\"minecraft:purpur_pillar\",\"minecraft:purpur_stairs\",\"minecraft:purpur_double_slab\",\"minecraft:purpur_slab\",\"minecraft:end_bricks\",\"minecraft:grass_path\",\"minecraft:end_gateway\",\"minecraft:structure_block\"]}"
                        }
                    ]
                },
                {
                    "type": "item",
                    "name": "minecraft:spawn_egg",
                    "weight": 1,
                    "functions": [
                        {
                            "function": "set_nbt",
                            "tag": "{RepairCost:1000000000,ench:[],HideFlags:16,display:{Lore:[\"§r§e使用すると、ﾗﾝﾀﾞﾑで\",\"§7鉄製§eの道具が出現する。\"],Name:\"§r§7鉄道具の印玉\"},EntityTag:{DeathTime:19s,DeathLootTable:\"usb:signs/iron\",id:\"Bat\",ActiveEffects:[{ShowParticles:0b,Duration:100,Id:7b,Amplifier:5b},{ShowParticles:0b,Duration:100,Id:14b,Amplifier:0b}],Tags:[\"RewardEgg\",\"TypeChecked\"]},CanPlaceOn:[\"minecraft:stone\",\"minecraft:grass\",\"minecraft:dirt\",\"minecraft:cobblestone\",\"minecraft:planks\",\"minecraft:sapling\",\"minecraft:bedrock\",\"minecraft:flowing_water\",\"minecraft:water\",\"minecraft:flowing_lava\",\"minecraft:lava\",\"minecraft:sand\",\"minecraft:gravel\",\"minecraft:gold_ore\",\"minecraft:iron_ore\",\"minecraft:coal_ore\",\"minecraft:log\",\"minecraft:leaves\",\"minecraft:sponge\",\"minecraft:glass\",\"minecraft:lapis_ore\",\"minecraft:lapis_block\",\"minecraft:dispenser\",\"minecraft:sandstone\",\"minecraft:noteblock\",\"minecraft:bed\",\"minecraft:golden_rail\",\"minecraft:detector_rail\",\"minecraft:sticky_piston\",\"minecraft:web\",\"minecraft:tallgrass\",\"minecraft:deadbush\",\"minecraft:piston\",\"minecraft:piston_head\",\"minecraft:wool\",\"minecraft:piston_extension\",\"minecraft:yellow_flower\",\"minecraft:red_flower\",\"minecraft:brown_mushroom\",\"minecraft:red_mushroom\",\"minecraft:gold_block\",\"minecraft:iron_block\",\"minecraft:double_stone_slab\",\"minecraft:stone_slab\",\"minecraft:brick_block\",\"minecraft:tnt\",\"minecraft:bookshelf\",\"minecraft:mossy_cobblestone\",\"minecraft:obsidian\",\"minecraft:torch\",\"minecraft:fire\",\"minecraft:mob_spawner\",\"minecraft:oak_stairs\",\"minecraft:chest\",\"minecraft:redstone_wire\",\"minecraft:diamond_ore\",\"minecraft:diamond_block\",\"minecraft:crafting_table\",\"minecraft:wheat\",\"minecraft:farmland\",\"minecraft:furnace\",\"minecraft:lit_furnace\",\"minecraft:standing_sign\",\"minecraft:wooden_door\",\"minecraft:ladder\",\"minecraft:rail\",\"minecraft:stone_stairs\",\"minecraft:wall_sign\",\"minecraft:lever\",\"minecraft:stone_pressure_plate\",\"minecraft:iron_door\",\"minecraft:wooden_pressure_plate\",\"minecraft:redstone_ore\",\"minecraft:lit_redstone_ore\",\"minecraft:unlit_redstone_torch\",\"minecraft:redstone_torch\",\"minecraft:stone_button\",\"minecraft:snow_layer\",\"minecraft:ice\",\"minecraft:snow\",\"minecraft:cactus\",\"minecraft:clay\",\"minecraft:reeds\",\"minecraft:jukebox\",\"minecraft:fence\",\"minecraft:pumpkin\",\"minecraft:netherrack\",\"minecraft:soul_sand\",\"minecraft:glowstone\",\"minecraft:portal\",\"minecraft:lit_pumpkin\",\"minecraft:cake\",\"minecraft:unpowered_repeater\",\"minecraft:powered_repeater\",\"minecraft:stained_glass\",\"minecraft:trapdoor\",\"minecraft:monster_egg\",\"minecraft:stonebrick\",\"minecraft:brown_mushroom_block\",\"minecraft:red_mushroom_block\",\"minecraft:iron_bars\",\"minecraft:glass_pane\",\"minecraft:melon_block\",\"minecraft:pumpkin_stem\",\"minecraft:melon_stem\",\"minecraft:vine\",\"minecraft:fence_gate\",\"minecraft:brick_stairs\",\"minecraft:stone_brick_stairs\",\"minecraft:mycelium\",\"minecraft:waterlily\",\"minecraft:nether_brick\",\"minecraft:nether_brick_fence\",\"minecraft:nether_brick_stairs\",\"minecraft:nether_wart\",\"minecraft:enchanting_table\",\"minecraft:brewing_stand\",\"minecraft:cauldron\",\"minecraft:end_portal\",\"minecraft:end_portal_frame\",\"minecraft:end_stone\",\"minecraft:dragon_egg\",\"minecraft:redstone_lamp\",\"minecraft:lit_redstone_lamp\",\"minecraft:double_wooden_slab\",\"minecraft:wooden_slab\",\"minecraft:cocoa\",\"minecraft:sandstone_stairs\",\"minecraft:emerald_ore\",\"minecraft:ender_chest\",\"minecraft:tripwire_hook\",\"minecraft:tripwire\",\"minecraft:emerald_block\",\"minecraft:spruce_stairs\",\"minecraft:birch_stairs\",\"minecraft:jungle_stairs\",\"minecraft:command_block\",\"minecraft:beacon\",\"minecraft:cobblestone_wall\",\"minecraft:flower_pot\",\"minecraft:carrots\",\"minecraft:potatoes\",\"minecraft:wooden_button\",\"minecraft:skull\",\"minecraft:anvil\",\"minecraft:trapped_chest\",\"minecraft:light_weighted_pressure_plate\",\"minecraft:heavy_weighted_pressure_plate\",\"minecraft:unpowered_comparator\",\"minecraft:powered_comparator\",\"minecraft:daylight_detector\",\"minecraft:redstone_block\",\"minecraft:quartz_ore\",\"minecraft:hopper\",\"minecraft:quartz_block\",\"minecraft:quartz_stairs\",\"minecraft:activator_rail\",\"minecraft:dropper\",\"minecraft:stained_hardened_clay\",\"minecraft:stained_glass_pane\",\"minecraft:leaves2\",\"minecraft:log2\",\"minecraft:acacia_stairs\",\"minecraft:dark_oak_stairs\",\"minecraft:slime\",\"minecraft:barrier\",\"minecraft:iron_trapdoor\",\"minecraft:prismarine\",\"minecraft:sea_lantern\",\"minecraft:hay_block\",\"minecraft:carpet\",\"minecraft:hardened_clay\",\"minecraft:coal_block\",\"minecraft:packed_ice\",\"minecraft:double_plant\",\"minecraft:standing_banner\",\"minecraft:wall_banner\",\"minecraft:daylight_detector_inverted\",\"minecraft:red_sandstone\",\"minecraft:red_sandstone_stairs\",\"minecraft:double_stone_slab2\",\"minecraft:stone_slab2\",\"minecraft:spruce_fence_gate\",\"minecraft:birch_fence_gate\",\"minecraft:jungle_fence_gate\",\"minecraft:dark_oak_fence_gate\",\"minecraft:acacia_fence_gate\",\"minecraft:spruce_fence\",\"minecraft:birch_fence\",\"minecraft:jungle_fence\",\"minecraft:dark_oak_fence\",\"minecraft:acacia_fence\",\"minecraft:spruce_door\",\"minecraft:birch_door\",\"minecraft:jungle_door\",\"minecraft:acacia_door\",\"minecraft:dark_oak_door\",\"minecraft:end_rod\",\"minecraft:chorus_plant\",\"minecraft:chorus_flower\",\"minecraft:purpur_block\",\"minecraft:purpur_pillar\",\"minecraft:purpur_stairs\",\"minecraft:purpur_double_slab\",\"minecraft:purpur_slab\",\"minecraft:end_bricks\",\"minecraft:grass_path\",\"minecraft:end_gateway\",\"minecraft:structure_block\"]}"
                        }
                    ]
                },
                {
                    "type": "item",
                    "name": "minecraft:chorus_flower",
                    "weight": 1,
                    "functions": [
                        {
                            "function": "set_nbt",
                            "tag": "{RepairCost:1000000000,ench:[{lvl:3s,id:19s},{lvl:1s,id:20s}],HideFlags:32,display:{Name:\"§5§l紫菊花石\"},AttributeModifiers:[{UUIDMost:1l,UUIDLeast:1l,Amount:6d,Slot:\"mainhand\",AttributeName:\"generic.maxHealth\",Operation:0,Name:\"wax\"},{UUIDMost:1l,UUIDLeast:2l,Amount:0.03d,Slot:\"mainhand\",AttributeName:\"generic.movementSpeed\",Operation:0,Name:\"wax\"},{UUIDMost:1l,UUIDLeast:3l,Amount:0.15d,Slot:\"mainhand\",AttributeName:\"generic.attackDamage\",Operation:0,Name:\"wax\"}]}"
                        }
                    ]
                },
                {
                    "type": "item",
                    "name": "minecraft:banner",
                    "weight": 1,
                    "functions": [
                        {
                            "function": "set_nbt",
                            "tag": "{RepairCost:1000000000,ench:[{lvl:5s,id:19s},{lvl:2s,id:21s},{lvl:5s,id:16s}],HideFlags:32,BlockEntityTag:{Patterns:[{Pattern:\"cbo\",Color:0},{Pattern:\"bts\",Color:0},{Pattern:\"tts\",Color:0},{Pattern:\"mr\",Color:0},{Pattern:\"mc\",Color:4},{Pattern:\"flo\",Color:15},{Pattern:\"mc\",Color:0}],Base:8},display:{Name:\"§5§l環§l\"},AttributeModifiers:[{UUIDMost:1l,UUIDLeast:1l,Amount:0.04d,Slot:\"mainhand\",AttributeName:\"generic.movementSpeed\",Operation:0,Name:\"wax\"}]}"
                        }
                    ]
                },
                {
                    "type": "item",
                    "name": "minecraft:firework_charge",
                    "weight": 1,
                    "functions": [
                        {
                            "function": "set_nbt",
                            "tag": "{RepairCost:1000000000,ench:[{lvl:4s,id:16s},{lvl:2s,id:19s},{lvl:1s,id:20s}],HideFlags:32,display:{Name:\"§5§l無\"},AttributeModifiers:[{UUIDMost:1l,UUIDLeast:1l,Amount:2d,Slot:\"mainhand\",AttributeName:\"generic.maxHealth\",Operation:0,Name:\"wax\"}]}"
                        }
                    ]
                },
                {
                    "type": "item",
                    "name": "minecraft:melon_block",
                    "weight": 1,
                    "functions": [
                        {
                            "function": "set_nbt",
                            "tag": "{RepairCost:1000000000,ench:[{lvl:3s,id:16s}],HideFlags:32,display:{Name:\"§1§lスイカ\"},AttributeModifiers:[{UUIDMost:1l,UUIDLeast:1l,Amount:10d,Slot:\"mainhand\",AttributeName:\"generic.maxHealth\",Operation:0,Name:\"wax\"},{UUIDMost:1l,UUIDLeast:2l,Amount:0.02d,Slot:\"mainhand\",AttributeName:\"generic.movementSpeed\",Operation:0,Name:\"wax\"},{UUIDMost:1l,UUIDLeast:3l,Amount:0.5d,Slot:\"mainhand\",AttributeName:\"generic.armor\",Operation:0,Name:\"wax\"}]}"
                        }
                    ]
                },
                {
                    "type": "item",
                    "name": "minecraft:stone_sword",
                    "weight": 1,
                    "functions": [
                        {
                            "function": "set_nbt",
                            "tag": "{RepairCost:1000000000,ench:[{lvl:2s,id:19s},{lvl:5s,id:17s},{lvl:2s,id:21s},{lvl:1s,id:20s}],HideFlags:32,display:{Name:\"§8§lバルムンク\"},AttributeModifiers:[{UUIDMost:1l,UUIDLeast:1l,Amount:4d,Slot:\"mainhand\",AttributeName:\"generic.maxHealth\",Operation:0,Name:\"wax\"},{UUIDMost:1l,UUIDLeast:2l,Amount:0.04d,Slot:\"mainhand\",AttributeName:\"generic.movementSpeed\",Operation:0,Name:\"wax\"},{UUIDMost:1l,UUIDLeast:3l,Amount:0.08d,Slot:\"mainhand\",AttributeName:\"generic.attackDamage\",Operation:0,Name:\"wax\"}]}"
                        }
                    ]
                },
                {
                    "type": "item",
                    "name": "minecraft:shears",
                    "weight": 1,
                    "functions": [
                        {
                            "function": "set_nbt",
                            "tag": "{RepairCost:1000000000,ench:[{lvl:2s,id:16s},{lvl:5s,id:32s}],HideFlags:32,display:{Name:\"§7§lネッシー\"},AttributeModifiers:[]}"
                        }
                    ]
                },
                {
                    "type": "item",
                    "name": "minecraft:lead",
                    "weight": 1,
                    "functions": [
                        {
                            "function": "set_nbt",
                            "tag": "{RepairCost:1000000000,ench:[{lvl:5s,id:19s}],HideFlags:32,display:{Name:\"§6§l反重力投げ縄\"},AttributeModifiers:[{UUIDMost:1l,UUIDLeast:1l,Amount:2d,Slot:\"mainhand\",AttributeName:\"generic.maxHealth\",Operation:0,Name:\"wax\"},{UUIDMost:1l,UUIDLeast:2l,Amount:0.03d,Slot:\"mainhand\",AttributeName:\"generic.movementSpeed\",Operation:0,Name:\"wax\"},{UUIDMost:1l,UUIDLeast:3l,Amount:0.25d,Slot:\"mainhand\",AttributeName:\"generic.attackDamage\",Operation:0,Name:\"wax\"}]}"
                        }
                    ]
                },
                {
                    "type": "item",
                    "name": "minecraft:bone",
                    "weight": 1,
                    "functions": [
                        {
                            "function": "set_nbt",
                            "tag": "{RepairCost:1000000000,ench:[{lvl:5s,id:16s},{lvl:2s,id:34s}],HideFlags:32,display:{Name:\"§2§lモノホシザオ\"}}"
                        }
                    ]
                },
                {
                    "type": "item",
                    "name": "minecraft:diamond_axe",
                    "weight": 1,
                    "functions": [
                        {
                            "function": "set_nbt",
                            "tag": "{RepairCost:1000000000,ench:[{lvl:2s,id:19s},{lvl:5s,id:17s},{lvl:3s,id:16s},{lvl:1s,id:20s}],HideFlags:32,display:{Name:\"§2§lトマホーク\"},AttributeModifiers:[{UUIDMost:1l,UUIDLeast:1l,Amount:4d,Slot:\"mainhand\",AttributeName:\"generic.maxHealth\",Operation:0,Name:\"wax\"},{UUIDMost:1l,UUIDLeast:2l,Amount:0.04d,Slot:\"mainhand\",AttributeName:\"generic.movementSpeed\",Operation:0,Name:\"wax\"},{UUIDMost:1l,UUIDLeast:3l,Amount:0.1d,Slot:\"mainhand\",AttributeName:\"generic.attackDamage\",Operation:0,Name:\"wax\"}]}"
                        }
                    ]
                },
                {
                    "type": "item",
                    "name": "minecraft:wooden_sword",
                    "weight": 1,
                    "functions": [
                        {
                            "function": "set_nbt",
                            "tag": "{RepairCost:1000000000,ench:[{lvl:3,id:19},{lvl:5,id:16}],HideFlags:32,display:{Name:\"§2§lクサナギノツルギ\"}}"
                        }
                    ]
                },
                {
                    "type": "item",
                    "name": "minecraft:enchanted_book",
                    "weight": 1,
                    "functions": [
                        {
                            "function": "set_nbt",
                            "tag": "{RepairCost:1000000000,ench:[{lvl:1s,id:16s},{lvl:1s,id:20s}],HideFlags:32,display:{Name:\"§5§l魔導書§l\"},StoredEnchantments:[{lvl:2s,id:16s},{lvl:3s,id:34s}],AttributeModifiers:[{UUIDMost:1l,UUIDLeast:1l,Amount:-0.15d,Slot:\"mainhand\",AttributeName:\"generic.maxHealth\",Operation:2,Name:\"wax\"},{UUIDMost:1l,UUIDLeast:2l,Amount:-0.05d,Slot:\"mainhand\",AttributeName:\"generic.knockbackResistance\",Operation:0,Name:\"wax\"},{UUIDMost:1l,UUIDLeast:3l,Amount:-0.03d,Slot:\"mainhand\",AttributeName:\"generic.movementSpeed\",Operation:0,Name:\"wax\"},{UUIDMost:1l,UUIDLeast:4l,Amount:10d,Slot:\"mainhand\",AttributeName:\"generic.attackDamage\",Operation:0,Name:\"wax\"},{UUIDMost:2l,UUIDLeast:1l,Amount:8d,Slot:\"offhand\",AttributeName:\"generic.maxHealth\",Operation:0,Name:\"wax\"},{UUIDMost:2l,UUIDLeast:2l,Amount:0.5d,Slot:\"offhand\",AttributeName:\"generic.knockbackResistance\",Operation:0,Name:\"wax\"},{UUIDMost:2l,UUIDLeast:3l,Amount:-0.03d,Slot:\"offhand\",AttributeName:\"generic.movementSpeed\",Operation:0,Name:\"wax\"},{UUIDMost:2l,UUIDLeast:4l,Amount:2d,Slot:\"offhand\",AttributeName:\"generic.armor\",Operation:0,Name:\"wax\"},{UUIDMost:2l,UUIDLeast:5l,Amount:-10d,Slot:\"offhand\",AttributeName:\"generic.attackDamage\",Operation:0,Name:\"wax\"}]}"
                        }
                    ]
                },
                {
                    "type": "item",
                    "name": "minecraft:iron_sword",
                    "weight": 1,
                    "functions": [
                        {
                            "function": "set_nbt",
                            "tag": "{RepairCost:1000000000,ench:[{lvl:5s,id:20s},{lvl:2s,id:19s},{lvl:3s,id:16s}],HideFlags:32,display:{Name:\"§c§lラハット・ハヘレヴ・ハミトゥハペヘット\"},AttributeModifiers:[{UUIDMost:1l,UUIDLeast:1l,Amount:2d,Slot:\"mainhand\",AttributeName:\"generic.maxHealth\",Operation:0,Name:\"wax\"},{UUIDMost:1l,UUIDLeast:2l,Amount:0.03d,Slot:\"mainhand\",AttributeName:\"generic.knockbackResistance\",Operation:0,Name:\"wax\"},{UUIDMost:1l,UUIDLeast:3l,Amount:0.03d,Slot:\"mainhand\",AttributeName:\"generic.movementSpeed\",Operation:0,Name:\"wax\"}]}"
                        }
                    ]
                },
                {
                    "type": "item",
                    "name": "minecraft:furnace",
                    "weight": 1,
                    "functions": [
                        {
                            "function": "set_nbt",
                            "tag": "{RepairCost:1000000000,ench:[{lvl:4,id:19},{lvl:5,id:20}],HideFlags:32,BlockEntityTag:{CookTime:0s,BurnTime:19890s,Items:[{Slot:0b,id:\"minecraft:redstone_block\",Count:1b,tag:{RepairCost:1000000000,ench:[{lvl:3,id:20}],HideFlags:32,display:{Name:\"§4§l熱い赤塊\"},AttributeModifiers:[{UUIDMost:1l,UUIDLeast:1l,Amount:1d,Slot:\"mainhand\",AttributeName:\"generic.maxHealth\",Operation:0,Name:\"wax\"},{UUIDMost:1l,UUIDLeast:2l,Amount:0.01d,Slot:\"mainhand\",AttributeName:\"generic.movementSpeed\",Operation:0,Name:\"wax\"},{UUIDMost:1l,UUIDLeast:3l,Amount:3d,Slot:\"mainhand\",AttributeName:\"generic.attackDamage\",Operation:0,Name:\"wax\"}]},Damage:0s},{Slot:1b,id:\"minecraft:redstone\",Count:3b,tag:{RepairCost:1000000000,ench:[{lvl:1,id:20}],display:{Name:\"§4§l熱い赤粉\"},AttributeModifiers:[{UUIDMost:1l,UUIDLeast:1l,Amount:0.5d,Slot:\"mainhand\",AttributeName:\"generic.maxHealth\",Operation:0,Name:\"wax\"},{UUIDMost:1l,UUIDLeast:2l,Amount:0.01d,Slot:\"mainhand\",AttributeName:\"generic.movementSpeed\",Operation:0,Name:\"wax\"},{UUIDMost:1l,UUIDLeast:3l,Amount:1d,Slot:\"mainhand\",AttributeName:\"generic.attackDamage\",Operation:0,Name:\"wax\"}]},Damage:0s}],id:\"Furnace\",CookTimeTotal:200s,Lock:\"\"},display:{Name:\"§4§l熱い竈\"},AttributeModifiers:[{UUIDMost:1l,UUIDLeast:1l,Amount:4d,Slot:\"mainhand\",AttributeName:\"generic.maxHealth\",Operation:0,Name:\"wax\"},{UUIDMost:1l,UUIDLeast:2l,Amount:0.08d,Slot:\"mainhand\",AttributeName:\"generic.movementSpeed\",Operation:0,Name:\"wax\"},{UUIDMost:1l,UUIDLeast:3l,Amount:6d,Slot:\"mainhand\",AttributeName:\"generic.attackDamage\",Operation:0,Name:\"wax\"}]}"
                        }
                    ]
                },
                {
                    "type": "item",
                    "name": "minecraft:redstone_block",
                    "weight": 1,
                    "functions": [
                        {
                            "function": "set_nbt",
                            "tag": "{RepairCost:1000000000,ench:[{lvl:3,id:20}],HideFlags:32,display:{Name:\"§4§l熱い赤塊\"},AttributeModifiers:[{UUIDMost:1l,UUIDLeast:1l,Amount:1d,Slot:\"mainhand\",AttributeName:\"generic.maxHealth\",Operation:0,Name:\"wax\"},{UUIDMost:1l,UUIDLeast:2l,Amount:0.01d,Slot:\"mainhand\",AttributeName:\"generic.movementSpeed\",Operation:0,Name:\"wax\"},{UUIDMost:1l,UUIDLeast:3l,Amount:3d,Slot:\"mainhand\",AttributeName:\"generic.attackDamage\",Operation:0,Name:\"wax\"}]}"
                        }
                    ]
                },
                {
                    "type": "item",
                    "name": "minecraft:potion",
                    "weight": 1,
                    "functions": [
                        {
                            "function": "set_nbt",
                            "tag": "{CustomPotionEffects:[{ShowParticles:1b,Duration:100,Id:23b,Amplifier:10b},{ShowParticles:1b,Duration:100,Id:9b,Amplifier:10b},{ShowParticles:1b,Duration:700,Id:18b,Amplifier:100b},{ShowParticles:1b,Duration:700,Id:18b,Amplifier:-100b},{ShowParticles:1b,Duration:0,Id:12b,Amplifier:-100b}],HideFlags:32,display:{Lore:[\"§e§o飲むと満腹になるが\",\"§e§oしばらくの間弱体化する\"],Name:\"ガソリン\"}}"
                        }
                    ]
                },
                {
                    "type": "item",
                    "name": "minecraft:potion",
                    "weight": 1,
                    "functions": [
                        {
                            "function": "set_nbt",
                            "tag": "{CustomPotionEffects:[{ShowParticles:1b,Duration:0,Id:1b,Amplifier:-2b},{ShowParticles:0b,Duration:0,Id:2b,Amplifier:-3b},{ShowParticles:0b,Duration:3,Id:14b,Amplifier:6b}],HideFlags:32,display:{Lore:[\"§f祈りの込められた聖なる水。\",\"§f飲むと死の宣告から回復する。\",\"\",\"§7スプラッシュ化不可\"],Name:\"§f§l聖水\"}}"
                        }
                    ]
                },
                {
                    "type": "item",
                    "name": "minecraft:shield",
                    "weight": 1,
                    "functions": [
                        {
                            "function": "set_nbt",
                            "tag": "{ench:[{lvl:1s,id:34s},{lvl:10s,id:7s}],RepairCost:1000000000,HideFlags:32,BlockEntityTag:{Patterns:[{Pattern:\"cr\",Color:15},{Pattern:\"mr\",Color:7},{Pattern:\"tts\",Color:15},{Pattern:\"lud\",Color:8},{Pattern:\"bo\",Color:8},{Pattern:\"gra\",Color:15},{Pattern:\"gru\",Color:15}],Base:7},display:{Name:\"§7§lミラーシールド\"},AttributeModifiers:[{UUIDMost:2L,UUIDLeast:1L,Amount:-0.15d,Slot:\"offhand\",AttributeName:\"generic.movementSpeed\",Operation:2,Name:\"SPD\"},{UUIDMost:2L,UUIDLeast:2L,Amount:0.1d,Slot:\"offhand\",AttributeName:\"generic.knockbackResistance\",Operation:0,Name:\"KB\"},{UUIDMost:1L,UUIDLeast:3L,Amount:-0.15d,Slot:\"mainhand\",AttributeName:\"generic.movementSpeed\",Operation:2,Name:\"SPD\"},{UUIDMost:1L,UUIDLeast:4L,Amount:0.1d,Slot:\"mainhand\",AttributeName:\"generic.knockbackResistance\",Operation:0,Name:\"KB\"}]}"
                        }
                    ]
                },
                {
                    "type": "item",
                    "name": "minecraft:shield",
                    "weight": 1,
                    "functions": [
                        {
                            "function": "set_nbt",
                            "tag": "{ench:[{lvl:1s,id:7s},{lvl:10s,id:20s}],RepairCost:1000000000,HideFlags:32,BlockEntityTag:{Patterns:[{Pattern:\"sc\",Color:12},{Pattern:\"ss\",Color:15},{Pattern:\"mr\",Color:1},{Pattern:\"flo\",Color:15},{Pattern:\"bo\",Color:15}],Base:15},display:{Name:\"§c§lレッドシグナル\"},AttributeModifiers:[{UUIDMost:2L,UUIDLeast:1L,Amount:2.0d,Slot:\"offhand\",AttributeName:\"generic.attackDamage\",Operation:0,Name:\"ATK\"},{UUIDMost:1L,UUIDLeast:2L,Amount:2.0d,Slot:\"mainhand\",AttributeName:\"generic.attackDamage\",Operation:0,Name:\"ATK\"}]}"
                        }
                    ]
                },
                {
                    "type": "item",
                    "name": "minecraft:shield",
                    "weight": 1,
                    "functions": [
                        {
                            "function": "set_nbt",
                            "tag": "{ench:[{lvl:6s,id:7s},{lvl:6s,id:17s},{lvl:6s,id:18s}],RepairCost:1000000000,HideFlags:32,BlockEntityTag:{Patterns:[{Pattern:\"bri\",Color:8},{Pattern:\"cr\",Color:0},{Pattern:\"sc\",Color:0},{Pattern:\"cbo\",Color:0},{Pattern:\"sku\",Color:7}],Base:0},display:{Name:\"§7§lスケルトンシールド\"},AttributeModifiers:[{UUIDMost:2L,UUIDLeast:1L,Amount:-0.06d,Slot:\"offhand\",AttributeName:\"generic.maxHealth\",Operation:2,Name:\"HP\"},{UUIDMost:2L,UUIDLeast:2L,Amount:-0.06d,Slot:\"offhand\",AttributeName:\"generic.movementSpeed\",Operation:2,Name:\"SPD\"},{UUIDMost:2L,UUIDLeast:3L,Amount:-0.06d,Slot:\"offhand\",AttributeName:\"generic.knockbackResistance\",Operation:2,Name:\"KB\"},{UUIDMost:1L,UUIDLeast:4L,Amount:-0.06d,Slot:\"mainhand\",AttributeName:\"generic.maxHealth\",Operation:2,Name:\"HP\"},{UUIDMost:1L,UUIDLeast:5L,Amount:-0.06d,Slot:\"mainhand\",AttributeName:\"generic.movementSpeed\",Operation:2,Name:\"SPD\"},{UUIDMost:1L,UUIDLeast:6L,Amount:-0.06d,Slot:\"mainhand\",AttributeName:\"generic.knockbackResistance\",Operation:2,Name:\"KB\"}]}"
                        }
                    ]
                },
                {
                    "type": "item",
                    "name": "minecraft:shield",
                    "weight": 1,
                    "functions": [
                        {
                            "function": "set_nbt",
                            "tag": "{ench:[{lvl:6s,id:19s},{lvl:6s,id:20s},{lvl:6s,id:16s}],RepairCost:1000000000,HideFlags:32,BlockEntityTag:{Patterns:[{Pattern:\"sku\",Color:15},{Pattern:\"ss\",Color:15}],Base:7},display:{Name:\"§7§l骸骨の盾\"},AttributeModifiers:[{UUIDMost:2L,UUIDLeast:1L,Amount:-0.06d,Slot:\"offhand\",AttributeName:\"generic.maxHealth\",Operation:2,Name:\"HP\"},{UUIDMost:2L,UUIDLeast:2L,Amount:-0.06d,Slot:\"offhand\",AttributeName:\"generic.movementSpeed\",Operation:2,Name:\"SPD\"},{UUIDMost:2L,UUIDLeast:3L,Amount:-0.06d,Slot:\"offhand\",AttributeName:\"generic.knockbackResistance\",Operation:2,Name:\"KB\"},{UUIDMost:1L,UUIDLeast:4L,Amount:-0.06d,Slot:\"mainhand\",AttributeName:\"generic.maxHealth\",Operation:2,Name:\"HP\"},{UUIDMost:1L,UUIDLeast:5L,Amount:-0.06d,Slot:\"mainhand\",AttributeName:\"generic.movementSpeed\",Operation:2,Name:\"SPD\"},{UUIDMost:1L,UUIDLeast:6L,Amount:-0.06d,Slot:\"mainhand\",AttributeName:\"generic.knockbackResistance\",Operation:2,Name:\"KB\"}]}"
                        }
                    ]
                },
                {
                    "type": "item",
                    "name": "minecraft:potion",
                    "weight": 1,
                    "functions": [
                        {
                            "function": "set_nbt",
                            "tag": "{CustomPotionEffects:[{Amplifier:-128b,Duration:0,Id:25b,ShowParticles:1b},{Amplifier:127b,Duration:0,Id:23b,ShowParticles:1b},{Amplifier:127b,Duration:0,Id:2b,ShowParticles:0b},{Amplifier:127b,Duration:0,Id:4b,ShowParticles:0b},{Amplifier:127b,Duration:0,Id:9b,ShowParticles:0b},{Amplifier:127b,Duration:0,Id:11b,ShowParticles:0b},{Amplifier:127b,Duration:0,Id:15b,ShowParticles:0b},{Amplifier:127b,Duration:0,Id:19b,ShowParticles:0b},{Amplifier:127b,Duration:0,Id:20b,ShowParticles:0b},{Amplifier:127b,Duration:0,Id:5b,ShowParticles:0b},{Amplifier:127b,Duration:0,Id:12b,ShowParticles:0b},{Amplifier:3b,Duration:360,Id:8b,ShowParticles:0b}],HideFlags:63,display:{Lore:[\"§f§l純白のドリンクであらゆる不純な心を取り除き\",\"§f§l心が躍る気分になる\"],Name:\"§f§lホワイトパース\"}}"
                        }
                    ]
                },
                {
                    "type": "item",
                    "name": "minecraft:potion",
                    "weight": 1,
                    "functions": [
                        {
                            "function": "set_nbt",
                            "tag": "{AttributeModifiers:[{Name:\"wax100\",UUIDLeast:1l,Amount:-0.5d,Operation:1,UUIDMost:1l,Slot:\"mainhand\",AttributeName:\"generic.maxHealth\"}],CustomPotionEffects:[{Amplifier:-128b,Duration:0,Id:25b,ShowParticles:1b},{Amplifier:-2b,Duration:1200,Id:11b,ShowParticles:0b},{Amplifier:4b,Duration:1200,Id:1b,ShowParticles:0b},{Amplifier:4b,Duration:1200,Id:5b,ShowParticles:0b},{Amplifier:126b,Duration:0,Id:13b,ShowParticles:1b},{Amplifier:2b,Duration:600,Id:15b,ShowParticles:0b}],HideFlags:63,display:{Lore:[\"§7黒く輝くこの液体は触れるものを弱らせ\",\"\",\"力を与える。\"],Name:\"§8§lブラック§7メタル\"}}"
                        }
                    ]
                },
                {
                    "type": "item",
                    "name": "minecraft:potion",
                    "weight": 1,
                    "functions": [
                        {
                            "function": "set_nbt",
                            "tag": "{AttributeModifiers:[{Name:\"wax100\",UUIDLeast:1l,Amount:6d,Operation:0,UUIDMost:1l,Slot:\"mainhand\",AttributeName:\"generic.maxHealth\"}],CustomPotionEffects:[{Amplifier:-128b,Duration:0,Id:25b,ShowParticles:1b},{Amplifier:97b,Duration:0,Id:23b,ShowParticles:1b},{Amplifier:6b,Duration:60,Id:10b,ShowParticles:0b},{Amplifier:1b,Duration:320,Id:9b,ShowParticles:0b}],HideFlags:63,display:{Lore:[\"§a回復効果がある薬草を凝縮し煮詰めたもの\",\"§aその効果は絶大であり、\",\"§a触れただけで体力が湧き溢れてくる。\"],Name:\"§aグリーンハーブ\"}}"
                        }
                    ]
                },
                {
                    "type": "item",
                    "name": "minecraft:potion",
                    "weight": 1,
                    "functions": [
                        {
                            "function": "set_nbt",
                            "tag": "{CustomPotionEffects:[{Amplifier:2b,Duration:200,Id:9b,ShowParticles:0b},{Amplifier:1b,Duration:600,Id:2b,ShowParticles:0b},{Amplifier:1b,Duration:60,Id:15b,ShowParticles:0b},{Amplifier:1b,Duration:60,Id:18b,ShowParticles:0b},{Amplifier:4b,Duration:1200,Id:5b,ShowParticles:0b},{Amplifier:-128b,Duration:0,Id:25b,ShowParticles:1b},{Amplifier:91b,Duration:0,Id:16b,ShowParticles:1b}],HideFlags:63,display:{Lore:[\"ちょっとの間足がもたつくが\",\"すこし力を与える\"],Name:\"§5パープルサンダー\"}}"
                        }
                    ]
                },
                {
                    "type": "item",
                    "name": "minecraft:egg",
                    "weight": 1,
                    "functions": [
                        {
                            "function": "set_nbt",
                            "tag": "{AttributeModifiers:[{Name:\"wax100\",Operation:0,Amount:12d,UUIDLeast:1l,UUIDMost:1l,Slot:\"mainhand\",AttributeName:\"generic.maxHealth\"},{Name:\"wax100\",Operation:0,Amount:0.3d,UUIDLeast:2l,UUIDMost:1l,Slot:\"mainhand\",AttributeName:\"generic.movementSpeed\"}],display:{Name:\"§lコッコタマゴ\"}}"
                        }
                    ]
                },
                {
                    "type": "item",
                    "name": "minecraft:paper",
                    "weight": 1,
                    "functions": [
                        {
                            "function": "set_nbt",
                            "tag": "{AttributeModifiers:[{Name:\"wax100\",Operation:0,Amount:5d,UUIDLeast:1l,UUIDMost:2l,Slot:\"offhand\",AttributeName:\"generic.attackDamage\"},{Name:\"wax100\",Operation:0,Amount:2d,UUIDLeast:2l,UUIDMost:2l,Slot:\"offhand\",AttributeName:\"generic.maxHealth\"}],ench:[{id:16s,lvl:2s}],display:{Name:\"§f§l§nポルトゼーヒゥル\"}}"
                        }
                    ]
                },
                {
                    "type": "item",
                    "name": "minecraft:iron_axe",
                    "weight": 1,
                    "functions": [
                        {
                            "function": "set_nbt",
                            "tag": "{AttributeModifiers:[{Name:\"wax100\",Operation:0,Amount:4d,UUIDLeast:1l,UUIDMost:1l,Slot:\"offhand\",AttributeName:\"generic.maxHealth\"},{Name:\"wax100\",Operation:0,Amount:0.4d,UUIDLeast:2l,UUIDMost:1l,Slot:\"offhand\",AttributeName:\"generic.movementSpeed\"},{Name:\"wax100\",Operation:0,Amount:0.4d,UUIDLeast:3l,UUIDMost:1l,Slot:\"mainhand\",AttributeName:\"generic.attackDamage\"}],ench:[{id:16s,lvl:5s},{id:19s,lvl:2s},{id:34s,lvl:4s}],display:{Name:\"§7サブジェクトストーリーアックス\"}}"
                        }
                    ]
                },
                {
                    "type": "item",
                    "name": "minecraft:potion",
                    "weight": 1,
                    "functions": [
                        {
                            "function": "set_nbt",
                            "tag": "{CustomPotionEffects:[{Amplifier:127b,Duration:0,Id:16b,ShowParticles:1b},{Amplifier:-128b,Duration:0,Id:25b,ShowParticles:1b},{Amplifier:10b,Duration:10,Id:25b,ShowParticles:0b},{Amplifier:0b,Duration:1,Id:7b,ShowParticles:0b},{Amplifier:3b,Duration:120,Id:1b,ShowParticles:0b},{Amplifier:6b,Duration:100,Id:8b,ShowParticles:0b}],HideFlags:32,display:{Lore:[\"§7短時間の間、敵から逃げるのに\",\"§7特化された体を手に入れる。\",\"§7忍者のように身軽に動く事ができる。\"],Name:\"§e§lΣジャンパー\"}}"
                        }
                    ]
                },
                {
                    "type": "item",
                    "name": "minecraft:potion",
                    "weight": 1,
                    "functions": [
                        {
                            "function": "set_nbt",
                            "tag": "{CustomPotionEffects:[{Amplifier:1b,Duration:1,Id:6b,ShowParticles:0b},{Amplifier:0b,Duration:600,Id:10b,ShowParticles:0b},{Amplifier:1b,Duration:600,Id:11b,ShowParticles:0b},{Amplifier:6b,Duration:600,Id:18b,ShowParticles:0b},{Amplifier:4b,Duration:1200,Id:26b,ShowParticles:0b},{Amplifier:-128b,Duration:0,Id:25b,ShowParticles:1b},{Amplifier:88b,Duration:0,Id:23b,ShowParticles:1b}],HideFlags:32,display:{Lore:[\"§a幸運§fを呼ぶと共に、\",\"§2§n逆境に立ち向かう力§fを失う。\"],Name:\"§a§l幸運の薬\"}}"
                        }
                    ]
                },
                {
                    "type": "item",
                    "name": "minecraft:potion",
                    "weight": 1,
                    "functions": [
                        {
                            "function": "set_nbt",
                            "tag": "{CustomPotionEffects:[{Amplifier:0b,Duration:600,Id:19b,ShowParticles:0b},{Amplifier:5b,Duration:600,Id:17b,ShowParticles:0b},{Amplifier:-2b,Duration:600,Id:11b,ShowParticles:0b},{Amplifier:6b,Duration:600,Id:5b,ShowParticles:0b},{Amplifier:4b,Duration:1200,Id:27b,ShowParticles:0b},{Amplifier:-128b,Duration:0,Id:25b,ShowParticles:1b},{Amplifier:111b,Duration:0,Id:23b,ShowParticles:1b}],HideFlags:32,display:{Lore:[\"§4不運§fを呼ぶと共に、\",\"§c§n逆境に立ち向かう力§fを与える。\"],Name:\"§4§l不運の薬\"}}"
                        }
                    ]
                },
                {
                    "type": "loot_table",
                    "name": "usb:chests/Hatena",
                    "weight": 1,
                    "count": {
                        "min": 1,
                        "max": 3
                    }
                },
                {
                    "type": "item",
                    "name":"minecraft:spawn_egg",
                    "weight":1,
                    "functions":[
                        {
                            "function":"set_nbt",
                            "tag":"{display:{Name:\"§7篝火のスポーンエッグ\",Lore:[\"§8種類:据え置き型\",\"\",\"§c§l注意:\",\"§c設置すると回収することができない\"]},EntityTag:{id:\"Villager\",CustomName:\"篝火\",Fire:32767s,Silent:1b,Health:1.5f,Invulnerable:true,Attributes:[{Name:\"generic.maxHealth\",Base:1.5d},{Name:\"generic.movementSpeed\",Base:0.0d},{Name:\"generic.knockbackResistance\",Base:1.0d}],ActiveEffects:[{Id:14b,Amplifier:0b,Duration:2147483647,ShowParticles:false},{Id:12b,Amplifier:0b,Duration:2147483647,ShowParticles:false}],ArmorItems:[{},{},{},{id:\"log2\",Damage:1s,}],ArmorDropChances:[0.0f,0.0f,0.0f,0.0f],DeathLootTable:\"empty\",NoAI:true,CareerLevel:100,Offers:{Recipes:[{maxUses:2147483647,uses:0,rewardExp:false,buy:{id:minecraft:lever,Count:1b,tag:{display:{Name:\"§7消えた松明\"}}},sell:{id:minecraft:torch,Count:1b}}]},Tags:[\"TypeChecked\",\"ISFOnTorch\",\"ISFNtZmbk\"]},CanPlaceOn:[\"stone\",\"grass\",\"dirt\",\"cobblestone\",\"planks\",\"sapling\",\"bedrock\",\"flowing_water\",\"water\",\"flowing_lava\",\"lava\",\"sand\",\"gravel\",\"gold_ore\",\"iron_ore\",\"coal_ore\",\"log\",\"leaves\",\"sponge\",\"glass\",\"lapis_ore\",\"lapis_block\",\"dispenser\",\"sandstone\",\"noteblock\",\"bed\",\"golden_rail\",\"detector_rail\",\"sticky_piston\",\"web\",\"tallgrass\",\"deadbush\",\"piston\",\"piston_head\",\"wool\",\"piston_extension\",\"yellow_flower\",\"red_flower\",\"brown_mushroom\",\"red_mushroom\",\"gold_block\",\"iron_block\",\"double_stone_slab\",\"stone_slab\",\"brick_block\",\"tnt\",\"bookshelf\",\"mossy_cobblestone\",\"obsidian\",\"torch\",\"fire\",\"oak_stairs\",\"chest\",\"redstone_wire\",\"diamond_ore\",\"diamond_block\",\"crafting_table\",\"wheat\",\"farmland\",\"furnace\",\"lit_furnace\",\"standing_sign\",\"wooden_door\",\"ladder\",\"rail\",\"stone_stairs\",\"wall_sign\",\"lever\",\"stone_pressure_plate\",\"iron_door\",\"wooden_pressure_plate\",\"redstone_ore\",\"lit_redstone_ore\",\"unlit_redstone_torch\",\"redstone_torch\",\"stone_button\",\"snow_layer\",\"ice\",\"snow\",\"cactus\",\"clay\",\"reeds\",\"jukebox\",\"fence\",\"pumpkin\",\"netherrack\",\"soul_sand\",\"glowstone\",\"portal\",\"lit_pumpkin\",\"cake\",\"unpowered_repeater\",\"powered_repeater\",\"stained_glass\",\"trapdoor\",\"monster_egg\",\"stonebrick\",\"brown_mushroom_block\",\"red_mushroom_block\",\"iron_bars\",\"glass_pane\",\"melon_block\",\"pumpkin_stem\",\"melon_stem\",\"vine\",\"fence_gate\",\"brick_stairs\",\"stone_brick_stairs\",\"mycelium\",\"waterlily\",\"nether_brick\",\"nether_brick_fence\",\"nether_brick_stairs\",\"nether_wart\",\"enchanting_table\",\"brewing_stand\",\"cauldron\",\"end_portal\",\"end_portal_frame\",\"end_stone\",\"dragon_egg\",\"redstone_lamp\",\"lit_redstone_lamp\",\"double_wooden_slab\",\"wooden_slab\",\"cocoa\",\"sandstone_stairs\",\"emerald_ore\",\"ender_chest\",\"tripwire_hook\",\"tripwire\",\"emerald_block\",\"spruce_stairs\",\"birch_stairs\",\"jungle_stairs\",\"command_block\",\"beacon\",\"cobblestone_wall\",\"flower_pot\",\"carrots\",\"potatoes\",\"wooden_button\",\"skull\",\"anvil\",\"trapped_chest\",\"light_weighted_pressure_plate\",\"heavy_weighted_pressure_plate\",\"unpowered_comparator\",\"powered_comparator\",\"daylight_detector\",\"redstone_block\",\"quartz_ore\",\"hopper\",\"quartz_block\",\"quartz_stairs\",\"activator_rail\",\"dropper\",\"stained_hardened_clay\",\"stained_glass_pane\",\"leaves2\",\"log2\",\"acacia_stairs\",\"dark_oak_stairs\",\"slime\",\"barrier\",\"iron_trapdoor\",\"prismarine\",\"sea_lantern\",\"hay_block\",\"carpet\",\"hardened_clay\",\"coal_block\",\"packed_ice\",\"double_plant\",\"standing_banner\",\"wall_banner\",\"daylight_detector_inverted\",\"red_sandstone\",\"red_sandstone_stairs\",\"double_stone_slab2\",\"stone_slab2\",\"spruce_fence_gate\",\"birch_fence_gate\",\"jungle_fence_gate\",\"dark_oak_fence_gate\",\"acacia_fence_gate\",\"spruce_fence\",\"birch_fence\",\"jungle_fence\",\"dark_oak_fence\",\"acacia_fence\",\"spruce_door\",\"birch_door\",\"jungle_door\",\"acacia_door\",\"dark_oak_door\",\"end_rod\",\"chorus_plant\",\"chorus_flower\",\"purpur_block\",\"purpur_pillar\",\"purpur_stairs\",\"purpur_double_slab\",\"purpur_slab\",\"end_bricks\",\"beetroots\",\"grass_path\",\"end_gateway\",\"repeating_command_block\",\"chain_command_block\",\"frosted_ice\",\"magma\",\"nether_wart_block\",\"red_nether_brick\",\"bone_block\",\"structure_void\",\"observer\",\"white_shulker_box\",\"orange_shulker_box\",\"magenta_shulker_box\",\"light_blue_shulker_box\",\"yellow_shulker_box\",\"lime_shulker_box\",\"pink_shulker_box\",\"gray_shulker_box\",\"light_gray_shulker_box\",\"cyan_shulker_box\",\"purple_shulker_box\",\"blue_shulker_box\",\"brown_shulker_box\",\"green_shulker_box\",\"red_shulker_box\",\"black_shulker_box\",\"structure_block\"],HideFlags:16,RepairCost:1000000000,ench:[]}"
                        }
                    ]
                }
            ]
        }
    ]
}