﻿{
    "pools": [
        {
            "rolls": 1,
            "entries": [
            	 {
                    "type": "item",
                    "name": "minecraft:log",
                    "weight": 1,
                    "functions": [
                        {
                            "function": "set_count",
                            "count": 64
                        },
                        {
                            "function": "set_data",
                            "data": {
                                "min": 0,
                                "max": 3
                            }
                        }
                    ]
                },
                {
                    "type": "item",
                    "name": "minecraft:log2",
                    "weight": 1,
                    "functions": [
                        {
                            "function": "set_count",
                            "count": 64
                        },
                        {
                            "function": "set_data",
                            "data": {
                                "min": 0,
                                "max": 1
                            }
                        }
                    ]
                },
                {
                    "type": "item",
                    "name": "minecraft:emerald",
                    "weight": 1,
                    "functions": [
                        {
                            "function": "set_count",
                            "count": 256
                        }
                    ]
                },
                {
                    "type": "item",
                    "name": "minecraft:emerald_block",
                    "weight": 1,
                    "functions": [
                        {
                            "function": "set_count",
                            "count": 28
                        }
                    ]
                },
                {
                    "type": "item",
                    "name": "minecraft:gold_ingot",
                    "weight": 1,
                    "functions": [
                        {
                            "function": "set_count",
                            "count": 64
                        }
                    ]
                },
                {
                    "type": "item",
                    "name": "minecraft:gold_block",
                    "weight": 1,
                    "functions": [
                        {
                            "function": "set_count",
                            "count": 8
                        }
                    ]
                },
                {
                    "type": "item",
                    "name": "minecraft:iron_ingot",
                    "weight": 1,
                    "functions": [
                        {
                            "function": "set_count",
                            "count": 64
                        }
                    ]
                },
                {
                    "type": "item",
                    "name": "minecraft:iron_block",
                    "weight": 1,
                    "functions": [
                        {
                            "function": "set_count",
                            "count": 8
                        }
                    ]
                },
                {
                    "type": "item",
                    "name": "minecraft:diamond",
                    "weight": 1,
                    "functions": [
                        {
                            "function": "set_count",
                            "count": 64
                        }
                    ]
                },
                {
                    "type": "item",
                    "name": "minecraft:diamond_block",
                    "weight": 1,
                    "functions": [
                        {
                            "function": "set_count",
                            "count": 8
                        }
                    ]
                },
                {
                    "type": "item",
                    "name": "minecraft:dye",
                    "weight": 1,
                    "functions": [
                        {
                            "function": "set_count",
                            "count": 64
                        },
                        {
                            "function": "set_data",
                            "data": 4
                        }
                    ]
                },
                {
                    "type": "item",
                    "name": "minecraft:lapis_block",
                    "weight": 1,
                    "functions": [
                        {
                            "function": "set_count",
                            "count": 8
                        }
                    ]
                },
                {
                    "type": "item",
                    "name": "minecraft:golden_apple",
                    "weight": 1,
                    "functions": [
                        {
                            "function": "set_count",
                            "count": 5
                        },
                        {
                            "function": "set_data",
                            "data": 1
                        }
                    ]
                },
                {
                    "type": "item",
                    "name": "minecraft:ender_pearl",
                    "weight": 1,
                    "functions": [
                        {
                            "function": "set_count",
                            "count": 16
                        }
                    ]
                },
                {
                    "type": "item",
                    "name": "minecraft:diamond_sword",
                    "weight": 1,
                    "functions": [
                        {
                            "function": "enchant_with_levels",
                            "treasure": false,
                            "levels": {
                                "min": 40,
                                "max": 60
                            }
                        }
                    ]
                },
                {
                    "type": "item",
                    "name": "minecraft:diamond_shovel",
                    "weight": 1,
                    "functions": [
                        {
                            "function": "enchant_with_levels",
                            "treasure": false,
                            "levels": {
                                "min": 40,
                                "max": 60
                            }
                        }
                    ]
                },
                {
                    "type": "item",
                    "name": "minecraft:diamond_pickaxe",
                    "weight": 1,
                    "functions": [
                        {
                            "function": "enchant_with_levels",
                            "treasure": false,
                            "levels": {
                                "min": 40,
                                "max": 60
                            }
                        }
                    ]
                },
                {
                    "type": "item",
                    "name": "minecraft:diamond_axe",
                    "weight": 1,
                    "functions": [
                        {
                            "function": "enchant_with_levels",
                            "treasure": false,
                            "levels": {
                                "min": 40,
                                "max": 60
                            }
                        }
                    ]
                },
                {
                    "type": "item",
                    "name": "minecraft:diamond_hoe",
                    "weight": 1,
                    "functions": [
                        {
                            "function": "enchant_with_levels",
                            "treasure": false,
                            "levels": {
                                "min": 40,
                                "max": 60
                            }
                        }
                    ]
                },
                {
                    "type": "item",
                    "name": "minecraft:diamond_helmet",
                    "weight": 1,
                    "functions": [
                        {
                            "function": "enchant_with_levels",
                            "treasure": false,
                            "levels": {
                                "min": 40,
                                "max": 60
                            }
                        }
                    ]
                },
                {
                    "type": "item",
                    "name": "minecraft:diamond_chestplate",
                    "weight": 1,
                    "functions": [
                        {
                            "function": "enchant_with_levels",
                            "treasure": false,
                            "levels": {
                                "min": 40,
                                "max": 60
                            }
                        }
                    ]
                },
                {
                    "type": "item",
                    "name": "minecraft:diamond_leggings",
                    "weight": 1,
                    "functions": [
                        {
                            "function": "enchant_with_levels",
                            "treasure": false,
                            "levels": {
                                "min": 40,
                                "max": 60
                            }
                        }
                    ]
                },
                {
                    "type": "item",
                    "name": "minecraft:diamond_boots",
                    "weight": 1,
                    "functions": [
                        {
                            "function": "enchant_with_levels",
                            "treasure": false,
                            "levels": {
                                "min": 40,
                                "max": 60
                            }
                        }
                    ]
                },
                {
                    "type": "item",
                    "name": "minecraft:diamond_sword",
                    "weight": 1,
                    "functions": [
                        {
                            "function": "set_damage",
                            "damage": 0.01
                        },
                        {
                            "function": "set_nbt",
                            "tag": "{RepairCost:1000000000,ench:[{lvl:127s,id:16s},{lvl:127s,id:19s},{lvl:127s,id:20s}],display:{Name:\"エンド・オブ・エンド\"}}"
                        }
                    ]
                },
                {
                    "type": "item",
                    "name": "minecraft:diamond",
                    "weight": 1,
                    "functions": [
                        {
                            "function": "set_nbt",
                            "tag": "{RepairCost:1000000000,ench:[{lvl:100s,id:16s},{lvl:100s,id:19s},{lvl:100s,id:20s}],Legacy:1b,display:{Name:\"メリケンサック\"}}"
                        }
                    ]
                },
                {
                    "type": "item",
                    "name": "minecraft:gold_ingot",
                    "weight": 1,
                    "functions": [
                        {
                            "function": "set_nbt",
                            "tag": "{RepairCost:1000000000,ench:[{lvl:100s,id:16s},{lvl:100s,id:19s},{lvl:100s,id:20s}],Legacy:1b,display:{Name:\"黄金の夢\"}}"
                        }
                    ]
                },
                {
                    "type": "item",
                    "name": "minecraft:dye",
                    "weight": 1,
                    "functions": [
                        {
                            "function": "set_nbt",
                            "tag": "{RepairCost:1000000000,ench:[{lvl:200s,id:19s}],Legacy:1b,display:{Name:\"伝説のラピスラズリ\"}}"
                        },
                        {
                            "function": "set_data",
                            "data": 4
                        }
                    ]
                },
                {
                    "type": "item",
                    "name": "minecraft:redstone",
                    "weight": 1,
                    "functions": [
                        {
                            "function": "set_nbt",
                            "tag": "{RepairCost:1000000000,ench:[{lvl:100s,id:16s},{lvl:100s,id:19s},{lvl:100s,id:20s}],Legacy:1b,display:{Name:\"§4§lエイジャの赤石\"}}"
                        }
                    ]
                },
                {
                    "type": "item",
                    "name": "minecraft:skull",
                    "weight": 1,
                    "functions": [
                        {
                            "function": "set_data",
                            "data": 5
                        },
                        {
                            "function": "set_nbt",
                            "tag": "{RepairCost:1000000000,ench:[{lvl:3s,id:0s},{lvl:4s,id:7s},{lvl:1s,id:5s},{lvl:15s,id:16s},{lvl:1s,id:1s},{lvl:1s,id:3s},{lvl:1s,id:4s}],HideFlags:1,display:{Name:\"§5§lヴァフタング・ゴルガサリ\"},AttributeModifiers:[{UUIDMost:1l,UUIDLeast:1l,Amount:-0.15d,Slot:\"mainhand\",AttributeName:\"generic.maxHealth\",Operation:2,Name:\"wax\"},{UUIDMost:1l,UUIDLeast:2l,Amount:0.05d,Slot:\"mainhand\",AttributeName:\"generic.attackDamage\",Operation:0,Name:\"wax\"},{UUIDMost:1l,UUIDLeast:3l,Amount:-0.03d,Slot:\"mainhand\",AttributeName:\"generic.movementSpeed\",Operation:0,Name:\"wax\"},{UUIDMost:2l,UUIDLeast:1l,Amount:25d,Slot:\"offhand\",AttributeName:\"generic.maxHealth\",Operation:0,Name:\"wax\"},{UUIDMost:2l,UUIDLeast:2l,Amount:-5d,Slot:\"offhand\",AttributeName:\"generic.attackDamage\",Operation:0,Name:\"wax\"},{UUIDMost:2l,UUIDLeast:3l,Amount:0.08d,Slot:\"offhand\",AttributeName:\"generic.movementSpeed\",Operation:0,Name:\"wax\"},{UUIDMost:2l,UUIDLeast:4l,Amount:0.7d,Slot:\"offhand\",AttributeName:\"generic.knockbackResistance\",Operation:0,Name:\"wax\"},{UUIDMost:2l,UUIDLeast:5l,Amount:4d,Slot:\"offhand\",AttributeName:\"generic.armor\",Operation:0,Name:\"wax\"},{UUIDMost:3l,UUIDLeast:1l,Amount:-0.5d,Slot:\"head\",AttributeName:\"generic.maxHealth\",Operation:2,Name:\"wax\"},{UUIDMost:3l,UUIDLeast:2l,Amount:15d,Slot:\"head\",AttributeName:\"generic.attackDamage\",Operation:0,Name:\"wax\"},{UUIDMost:3l,UUIDLeast:3l,Amount:-1d,Slot:\"head\",AttributeName:\"generic.movementSpeed\",Operation:0,Name:\"wax\"},{UUIDMost:3l,UUIDLeast:4l,Amount:-1d,Slot:\"head\",AttributeName:\"generic.knockbackResistance\",Operation:0,Name:\"wax\"},{UUIDMost:3l,UUIDLeast:5l,Amount:-20d,Slot:\"head\",AttributeName:\"generic.armor\",Operation:0,Name:\"wax\"}]}"
                        }
                    ]
                },
                {
                    "type": "item",
                    "name": "minecraft:armor_stand",
                    "weight": 1,
                    "functions": [
                        {
                            "function": "set_nbt",
                            "tag": "{NoGravity:1b,RepairCost:1000000000,ench:[],display:{Lore:[\"§2半径15m以内のすべてに\",\"§2等しく§7死§2を与える。\"],Name:\"§c全滅の印板\"},EntityTag:{Tags:[\"SignStand\",\"WidowMaker\",\"TypeChecked\"]},Invulnerable:1b,Invisible:1b}"
                        }
                    ]
                },
                {
                    "type": "item",
                    "name": "minecraft:armor_stand",
                    "weight": 1,
                    "functions": [
                        {
                            "function": "set_nbt",
                            "tag": "{NoGravity:1b,RepairCost:1000000000,ench:[],display:{Lore:[\"§r§e使用者の真上にあるﾌﾞﾛｯｸまで\",\"§r§5一瞬で移動§eすることができる。\",\"§r§e看板が壊れない限り\",\"§d§n半永久的§eに使用できる。\"],Name:\"§r§5§l転移の印板\"},EntityTag:{Tags:[\"SignStand\",\"PermanentStand\",\"VerticalTeleporter\",\"TypeChecked\"]},Invulnerable:1b,Invisible:1b}"
                        }
                    ]
                },
                {
                    "type": "item",
                    "name": "minecraft:end_rod",
                    "weight": 1,
                    "functions": [
                        {
                            "function": "set_nbt",
                            "tag": "{RepairCost:1000000000,ench:[{lvl:12s,id:16s},{lvl:2s,id:19s},{lvl:1s,id:20s}],HideFlags:32,display:{Name:\"§3§lライトセーバーチョップスティック§b§l\"},AttributeModifiers:[{UUIDMost:2l,UUIDLeast:1l,Amount:4d,Slot:\"offhand\",AttributeName:\"generic.maxHealth\",Operation:0,Name:\"wax\"},{UUIDMost:2l,UUIDLeast:2l,Amount:0.08d,Slot:\"offhand\",AttributeName:\"generic.knockbackResistance\",Operation:0,Name:\"wax\"},{UUIDMost:2l,UUIDLeast:3l,Amount:0.5d,Slot:\"offhand\",AttributeName:\"generic.armor\",Operation:0,Name:\"wax\"},{UUIDMost:2l,UUIDLeast:4l,Amount:-0.05d,Slot:\"offhand\",AttributeName:\"generic.movementSpeed\",Operation:0,Name:\"wax\"},{UUIDMost:2l,UUIDLeast:5l,Amount:-0.08d,Slot:\"offhand\",AttributeName:\"generic.attackDamage\",Operation:0,Name:\"wax\"},{UUIDMost:1l,UUIDLeast:1l,Amount:0.8d,Slot:\"mainhand\",AttributeName:\"generic.attackDamage\",Operation:0,Name:\"wax\"},{UUIDMost:1l,UUIDLeast:2l,Amount:-0.1d,Slot:\"mainhand\",AttributeName:\"generic.maxHealth\",Operation:2,Name:\"wax\"},{UUIDMost:1l,UUIDLeast:3l,Amount:-0.2d,Slot:\"mainhand\",AttributeName:\"generic.knockbackResistance\",Operation:0,Name:\"wax\"},{UUIDMost:1l,UUIDLeast:4l,Amount:0.08d,Slot:\"mainhand\",AttributeName:\"generic.movementSpeed\",Operation:0,Name:\"wax\"}]}"
                        }
                    ]
                },
                {
                    "type": "item",
                    "name": "minecraft:potion",
                    "weight": 1,
                    "functions": [
                        {
                            "function": "set_nbt",
                            "tag": "{CustomPotionEffects:[{ShowParticles:1b,Duration:0,Id:3b,Amplifier:-128b},{ShowParticles:1b,Duration:0,Id:8b,Amplifier:-128b},{ShowParticles:1b,Duration:100,Id:25b,Amplifier:-1b}],HideFlags:32,display:{Lore:[\"§3服用すると5秒の間\",\"§3空中を平行移動できる。\"],Name:\"§a§lホバーギフト\"}}"
                        }
                    ]
                },
                {
                    "type": "item",
                    "name": "minecraft:shield",
                    "weight": 1,
                    "functions": [
                        {
                            "function": "set_nbt",
                            "tag": "{ench:[],RepairCost:1000000000,HideFlags:32,BlockEntityTag:{Patterns:[{Pattern:\"mr\",Color:0},{Pattern:\"cbo\",Color:15},{Pattern:\"bl\",Color:15},{Pattern:\"tr\",Color:15},{Pattern:\"mc\",Color:1}],Base:0},display:{Name:\"§3§l風車の盾\"},AttributeModifiers:[{UUIDMost:2L,UUIDLeast:1L,Amount:1.0d,Slot:\"offhand\",AttributeName:\"generic.knockbackResistance\",Operation:2,Name:\"KB\"},{UUIDMost:1L,UUIDLeast:2L,Amount:1.0d,Slot:\"mainhand\",AttributeName:\"generic.knockbackResistance\",Operation:2,Name:\"KB\"}]}"
                        }
                    ]
                },
                {
                    "type": "item",
                    "name": "minecraft:shield",
                    "weight": 1,
                    "functions": [
                        {
                            "function": "set_nbt",
                            "tag": "{ench:[{lvl:10000s,id:20s}],Unbreakable:1,RepairCost:1000000000,HideFlags:32,BlockEntityTag:{Patterns:[{Pattern:\"bri\",Color:0},{Pattern:\"cbo\",Color:0},{Pattern:\"flo\",Color:0},{Pattern:\"sc\",Color:0},{Pattern:\"mc\",Color:1},{Pattern:\"cs\",Color:0},{Pattern:\"mr\",Color:1},{Pattern:\"flo\",Color:0},{Pattern:\"bts\",Color:1},{Pattern:\"tts\",Color:1}],Base:1},display:{Lore:[\"§c触れたものは永久に燃え続ける…。\"],Name:\"§4§l永久の盾\"},AttributeModifiers:[]}"
                        }
                    ]
                },
                {
                    "type": "item",
                    "name": "minecraft:shield",
                    "weight": 1,
                    "functions": [
                        {
                            "function": "set_nbt",
                            "tag": "{ench:[],RepairCost:1000000000,HideFlags:32,BlockEntityTag:{Patterns:[{Pattern:\"lud\",Color:0},{Pattern:\"rd\",Color:0},{Pattern:\"mc\",Color:9},{Pattern:\"tt\",Color:13},{Pattern:\"bt\",Color:5},{Pattern:\"cbo\",Color:9},{Pattern:\"tts\",Color:0},{Pattern:\"bts\",Color:0},{Pattern:\"bo\",Color:0},{Pattern:\"cbo\",Color:0}],Base:9},display:{Lore:[\"§c自らの移動を縛ることで\",\"§c潜在能力を引き出す盾。\"],Name:\"§5§l呪縛の盾\"},AttributeModifiers:[{UUIDMost:2L,UUIDLeast:1L,Amount:-1.0d,Slot:\"offhand\",AttributeName:\"generic.movementSpeed\",Operation:2,Name:\"SPD\"},{UUIDMost:2L,UUIDLeast:2L,Amount:1.0d,Slot:\"offhand\",AttributeName:\"generic.attackDamage\",Operation:2,Name:\"ATK\"},{UUIDMost:1L,UUIDLeast:3L,Amount:-1.0d,Slot:\"mainhand\",AttributeName:\"generic.movementSpeed\",Operation:2,Name:\"SPD\"},{UUIDMost:1L,UUIDLeast:4L,Amount:1.0d,Slot:\"mainhand\",AttributeName:\"generic.attackDamage\",Operation:2,Name:\"ATK\"}]}"
                        }
                    ]
                },
                {
                    "type": "item",
                    "name": "minecraft:bow",
                    "weight": 1,
                    "functions": [
                        {
                            "function": "set_nbt",
                            "tag": "{ench:[{lvl:11s,id:48s},{lvl:3s,id:49s},{lvl:1s,id:51s},{lvl:1s,id:34s}],RepairCost:1000000000,display:{Name:\"§9§lガーンデーヴァ\"},AttributeModifiers:[{UUIDMost:1L,UUIDLeast:1L,Amount:-0.3d,Slot:\"mainhand\",AttributeName:\"generic.movementSpeed\",Operation:2,Name:\"anmin\"},{UUIDMost:2L,UUIDLeast:1L,Amount:-0.3d,Slot:\"offhand\",AttributeName:\"generic.movementSpeed\",Operation:2,Name:\"anmin\"}]}"
                        }
                    ]
                },
                {
                    "type": "item",
                    "name": "minecraft:bow",
                    "weight": 1,
                    "functions": [
                        {
                            "function": "set_nbt",
                            "tag": "{ench:[{lvl:15s,id:48s}],RepairCost:1000000000,display:{Name:\"§3§l霊弓\"},AttributeModifiers:[{UUIDMost:1L,UUIDLeast:1L,Amount:-0.5d,Slot:\"mainhand\",AttributeName:\"generic.movementSpeed\",Operation:2,Name:\"anmin\"},{UUIDMost:1L,UUIDLeast:2L,Amount:0.3d,Slot:\"mainhand\",AttributeName:\"generic.knockbackResistance\",Operation:0,Name:\"anmin\"},{UUIDMost:1L,UUIDLeast:3L,Amount:3.0d,Slot:\"mainhand\",AttributeName:\"generic.armor\",Operation:0,Name:\"anmin\"},{UUIDMost:2L,UUIDLeast:1L,Amount:-0.5d,Slot:\"offhand\",AttributeName:\"generic.movementSpeed\",Operation:2,Name:\"anmin\"},{UUIDMost:2L,UUIDLeast:2L,Amount:0.3d,Slot:\"offhand\",AttributeName:\"generic.knockbackResistance\",Operation:0,Name:\"anmin\"},{UUIDMost:2L,UUIDLeast:3L,Amount:3.0d,Slot:\"offhand\",AttributeName:\"generic.armor\",Operation:0,Name:\"anmin\"}]}"
                        }
                    ]
                },
                {
                    "type": "item",
                    "name": "minecraft:bow",
                    "weight": 1,
                    "functions": [
                        {
                            "function": "set_nbt",
                            "tag": "{ench:[{lvl:100s,id:48s},{lvl:100s,id:50s},{lvl:100s,id:49s},{lvl:1s,id:51s}],RepairCost:1000000000,display:{Name:\"§4§kIndra §6§lハラダヌ§4§k Indra\"},AttributeModifiers:[{UUIDMost:1L,UUIDLeast:1L,Amount:-1.0d,Slot:\"mainhand\",AttributeName:\"generic.movementSpeed\",Operation:2,Name:\"anmin\"},{UUIDMost:2L,UUIDLeast:1L,Amount:-1.0d,Slot:\"offhand\",AttributeName:\"generic.movementSpeed\",Operation:2,Name:\"anmin\"}]}"
                        },
                        {
                            "function": "set_damage",
                            "damage": 0.0
                        }
                    ]
                },
                {
                    "type": "item",
                    "name": "minecraft:spawn_egg",
                    "weight": 1,
                    "functions": [
                        {
                            "function": "set_nbt",
                            "tag": "{display:{Name:\"§7篝火のスポーンエッグ\",Lore:[\"§8種類:持ち運び型\",\"\",\"§f§l出す\",\"§f§l火をつける\",\"§f§l殴る\",\"§f§l回収する\"]},EntityTag:{id:\"Villager\",CustomName:\"篝火\",Fire:32767s,Silent:1b,Health:0.01f,Attributes:[{Name:\"generic.maxHealth\",Base:0.01d},{Name:\"generic.movementSpeed\",Base:0.0d},{Name:\"generic.knockbackResistance\",Base:1.0d}],ActiveEffects:[{Id:14b,Amplifier:0b,Duration:2147483647,ShowParticles:false},{Id:12b,Amplifier:0b,Duration:2147483647,ShowParticles:false}],ArmorItems:[{},{},{},{id:\"log2\",Damage:1s,}],ArmorDropChances:[0.0f,0.0f,0.0f,0.0f],DeathLootTable:\"usb:entities/icefirevillegar\",NoAI:true,CareerLevel:100,Offers:{Recipes:[{maxUses:2147483647,uses:0,rewardExp:false,buy:{id:minecraft:lever,Count:1b,tag:{display:{Name:\"§7消えた松明\"}}},sell:{id:minecraft:torch,Count:1b}}]},Tags:[\"TypeChecked\",\"ISFOnTorch\"]},CanPlaceOn:[\"stone\",\"grass\",\"dirt\",\"cobblestone\",\"planks\",\"sapling\",\"bedrock\",\"flowing_water\",\"water\",\"flowing_lava\",\"lava\",\"sand\",\"gravel\",\"gold_ore\",\"iron_ore\",\"coal_ore\",\"log\",\"leaves\",\"sponge\",\"glass\",\"lapis_ore\",\"lapis_block\",\"dispenser\",\"sandstone\",\"noteblock\",\"bed\",\"golden_rail\",\"detector_rail\",\"sticky_piston\",\"web\",\"tallgrass\",\"deadbush\",\"piston\",\"piston_head\",\"wool\",\"piston_extension\",\"yellow_flower\",\"red_flower\",\"brown_mushroom\",\"red_mushroom\",\"gold_block\",\"iron_block\",\"double_stone_slab\",\"stone_slab\",\"brick_block\",\"tnt\",\"bookshelf\",\"mossy_cobblestone\",\"obsidian\",\"torch\",\"fire\",\"oak_stairs\",\"chest\",\"redstone_wire\",\"diamond_ore\",\"diamond_block\",\"crafting_table\",\"wheat\",\"farmland\",\"furnace\",\"lit_furnace\",\"standing_sign\",\"wooden_door\",\"ladder\",\"rail\",\"stone_stairs\",\"wall_sign\",\"lever\",\"stone_pressure_plate\",\"iron_door\",\"wooden_pressure_plate\",\"redstone_ore\",\"lit_redstone_ore\",\"unlit_redstone_torch\",\"redstone_torch\",\"stone_button\",\"snow_layer\",\"ice\",\"snow\",\"cactus\",\"clay\",\"reeds\",\"jukebox\",\"fence\",\"pumpkin\",\"netherrack\",\"soul_sand\",\"glowstone\",\"portal\",\"lit_pumpkin\",\"cake\",\"unpowered_repeater\",\"powered_repeater\",\"stained_glass\",\"trapdoor\",\"monster_egg\",\"stonebrick\",\"brown_mushroom_block\",\"red_mushroom_block\",\"iron_bars\",\"glass_pane\",\"melon_block\",\"pumpkin_stem\",\"melon_stem\",\"vine\",\"fence_gate\",\"brick_stairs\",\"stone_brick_stairs\",\"mycelium\",\"waterlily\",\"nether_brick\",\"nether_brick_fence\",\"nether_brick_stairs\",\"nether_wart\",\"enchanting_table\",\"brewing_stand\",\"cauldron\",\"end_portal\",\"end_portal_frame\",\"end_stone\",\"dragon_egg\",\"redstone_lamp\",\"lit_redstone_lamp\",\"double_wooden_slab\",\"wooden_slab\",\"cocoa\",\"sandstone_stairs\",\"emerald_ore\",\"ender_chest\",\"tripwire_hook\",\"tripwire\",\"emerald_block\",\"spruce_stairs\",\"birch_stairs\",\"jungle_stairs\",\"command_block\",\"beacon\",\"cobblestone_wall\",\"flower_pot\",\"carrots\",\"potatoes\",\"wooden_button\",\"skull\",\"anvil\",\"trapped_chest\",\"light_weighted_pressure_plate\",\"heavy_weighted_pressure_plate\",\"unpowered_comparator\",\"powered_comparator\",\"daylight_detector\",\"redstone_block\",\"quartz_ore\",\"hopper\",\"quartz_block\",\"quartz_stairs\",\"activator_rail\",\"dropper\",\"stained_hardened_clay\",\"stained_glass_pane\",\"leaves2\",\"log2\",\"acacia_stairs\",\"dark_oak_stairs\",\"slime\",\"barrier\",\"iron_trapdoor\",\"prismarine\",\"sea_lantern\",\"hay_block\",\"carpet\",\"hardened_clay\",\"coal_block\",\"packed_ice\",\"double_plant\",\"standing_banner\",\"wall_banner\",\"daylight_detector_inverted\",\"red_sandstone\",\"red_sandstone_stairs\",\"double_stone_slab2\",\"stone_slab2\",\"spruce_fence_gate\",\"birch_fence_gate\",\"jungle_fence_gate\",\"dark_oak_fence_gate\",\"acacia_fence_gate\",\"spruce_fence\",\"birch_fence\",\"jungle_fence\",\"dark_oak_fence\",\"acacia_fence\",\"spruce_door\",\"birch_door\",\"jungle_door\",\"acacia_door\",\"dark_oak_door\",\"end_rod\",\"chorus_plant\",\"chorus_flower\",\"purpur_block\",\"purpur_pillar\",\"purpur_stairs\",\"purpur_double_slab\",\"purpur_slab\",\"end_bricks\",\"beetroots\",\"grass_path\",\"end_gateway\",\"repeating_command_block\",\"chain_command_block\",\"frosted_ice\",\"magma\",\"nether_wart_block\",\"red_nether_brick\",\"bone_block\",\"structure_void\",\"observer\",\"white_shulker_box\",\"orange_shulker_box\",\"magenta_shulker_box\",\"light_blue_shulker_box\",\"yellow_shulker_box\",\"lime_shulker_box\",\"pink_shulker_box\",\"gray_shulker_box\",\"light_gray_shulker_box\",\"cyan_shulker_box\",\"purple_shulker_box\",\"blue_shulker_box\",\"brown_shulker_box\",\"green_shulker_box\",\"red_shulker_box\",\"black_shulker_box\",\"structure_block\"],HideFlags:16,RepairCost:1000000000,ench:[]}"
                        }
                    ]
                }
            ]
        }
    ]
}