﻿{    "pools": [        {            "rolls": {                "min": 1,                "max": 3            },            "entries": [                {                    "type": "loot_table",                    "name": "usb:gameplay/fishing/item",                    "weight": 4                },                {                    "type": "loot_table",                    "name": "usb:gameplay/fishing/tool",                    "weight": 1                }            ]        }    ]}