﻿{    "pools": [        {            "rolls": 1,            "entries": [                {                    "type": "item",                    "name": "minecraft:nether_star",                    "weight": 1,                    "functions": [                        {                            "function": "minecraft:set_count",                            "count": 2                        }                    ]                }            ]        },        {            "rolls": 1,            "entries": [                {                    "type": "item",                    "name": "minecraft:cooked_mutton",                    "weight": 1,                    "functions": [                        {                            "function": "minecraft:set_count",                            "count": 2                        }                    ]                }            ]        },        {            "rolls": 1,            "entries": [                {                    "type": "item",                    "name": "minecraft:wool",                    "weight": 1,                    "functions": [                        {                            "function": "minecraft:set_count",                            "count": 4                        }                    ]                }            ]        }    ]}