﻿{    "pools": [        {            "conditions": [                {                    "condition": "entity_scores",                    "entity": "this",                    "scores": {                        "Freshness": 0                    }                }            ],            "rolls": 8,            "entries": [                {                    "type": "loot_table",                    "name": "usb:events/meal/reward5",                    "weight": 1                }            ]        },        {            "conditions": [                {                    "condition": "entity_scores",                    "entity": "this",                    "scores": {                        "Freshness": -1                    }                }            ],            "rolls": 6,            "entries": [                {                    "type": "loot_table",                    "name": "usb:events/meal/reward5",                    "weight": 1                }            ]        },        {            "conditions": [                {                    "condition": "entity_scores",                    "entity": "this",                    "scores": {                        "Freshness": -2                    }                }            ],            "rolls": 5,            "entries": [                {                    "type": "loot_table",                    "name": "usb:events/meal/reward5",                    "weight": 1                }            ]        },        {            "conditions": [                {                    "condition": "entity_scores",                    "entity": "this",                    "scores": {                        "Freshness": -3                    }                }            ],            "rolls": 4,            "entries": [                {                    "type": "loot_table",                    "name": "usb:events/meal/reward5",                    "weight": 1                }            ]        },        {            "conditions": [                {                    "condition": "entity_scores",                    "entity": "this",                    "scores": {                        "Freshness": -4                    }                }            ],            "rolls": 3,            "entries": [                {                    "type": "loot_table",                    "name": "usb:events/meal/reward5",                    "weight": 1                }            ]        },        {            "conditions": [                {                    "condition": "entity_scores",                    "entity": "this",                    "scores": {                        "Freshness": -5                    }                }            ],            "rolls": 2,            "entries": [                {                    "type": "loot_table",                    "name": "usb:events/meal/reward5",                    "weight": 1                }            ]        },        {            "conditions": [                {                    "condition": "entity_scores",                    "entity": "this",                    "scores": {                        "Freshness": -6                    }                }            ],            "rolls": 4,            "entries": [                {                    "type": "loot_table",                    "name": "usb:events/meal/reward2",                    "weight": 1                }            ]        },        {            "conditions": [                {                    "condition": "entity_scores",                    "entity": "this",                    "scores": {                        "Freshness": -7                    }                }            ],            "rolls": 3,            "entries": [                {                    "type": "loot_table",                    "name": "usb:events/meal/reward2",                    "weight": 1                }            ]        },        {            "conditions": [                {                    "condition": "entity_scores",                    "entity": "this",                    "scores": {                        "Freshness": -8                    }                }            ],            "rolls": 2,            "entries": [                {                    "type": "loot_table",                    "name": "usb:events/meal/reward2",                    "weight": 1                }            ]        },        {            "conditions": [                {                    "condition": "entity_scores",                    "entity": "this",                    "scores": {                        "Freshness": -9                    }                }            ],            "rolls": 1,            "entries": [                {                    "type": "loot_table",                    "name": "usb:events/meal/reward2",                    "weight": 1                }            ]        },        {            "conditions": [                {                    "condition": "entity_scores",                    "entity": "this",                    "scores": {                        "Freshness": {                            "min": 2147483647,                            "max": -10                        }                    }                }            ],            "rolls": 1,            "entries": [                {                    "type": "loot_table",                    "name": "usb:events/meal/noreward",                    "weight": 1                }            ]        }    ]}