﻿{    "pools": [        {            "rolls": 1,            "entries": [                {                    "type": "item",                    "name": "minecraft:cobblestone",                    "weight": 4                },                {                    "type": "item",                    "name": "minecraft:stonebrick",                    "weight": 4                },                {                    "type": "item",                    "name": "minecraft:grass",                    "weight": 4                },                {                    "type": "item",                    "name": "minecraft:dirt",                    "weight": 4,                    "functions": [                        {                            "function": "minecraft:set_data",                            "data": 2                        }                    ]                },                {                    "type": "item",                    "name": "minecraft:gravel",                    "weight": 4                },                {                    "type": "item",                    "name": "minecraft:netherrack",                    "weight": 4                },                {                    "type": "item",                    "name": "minecraft:soul_sand",                    "weight": 4                },                {                    "type": "item",                    "name": "minecraft:bookshelf",                    "weight": 4                },                {                    "type": "item",                    "name": "minecraft:glowstone",                    "weight": 4                },                {                    "type": "item",                    "name": "minecraft:coal_ore",                    "weight": 4                },                {                    "type": "item",                    "name": "minecraft:gold_ore",                    "weight": 4                },                {                    "type": "item",                    "name": "minecraft:iron_ore",                    "weight": 4                },                {                    "type": "item",                    "name": "minecraft:lapis_ore",                    "weight": 4                },                {                    "type": "item",                    "name": "minecraft:redstone_ore",                    "weight": 4                },                {                    "type": "item",                    "name": "minecraft:diamond_ore",                    "weight": 4                },                {                    "type": "item",                    "name": "minecraft:emerald_ore",                    "weight": 4                },                {                    "type": "item",                    "name": "minecraft:jukebox",                    "weight": 4                },                {                    "type": "item",                    "name": "minecraft:lit_pumpkin",                    "weight": 4                },                {                    "type": "item",                    "name": "minecraft:packed_ice",                    "weight": 4                },                {                    "type": "item",                    "name": "minecraft:clay",                    "weight": 4                },                {                    "type": "item",                    "name": "minecraft:sandstone",                    "weight": 4                },                {                    "type": "item",                    "name": "minecraft:end_stone",                    "weight": 4                },                {                    "type": "item",                    "name": "minecraft:glass",                    "weight": 4                },                {                    "type": "item",                    "name": "minecraft:chorus_fruit",                    "weight": 4                },                {                    "type": "item",                    "name": "minecraft:chorus_fruit_popped",                    "weight": 4                },                {                    "type": "item",                    "name": "minecraft:chorus_flower",                    "weight": 4                },                {                    "type": "item",                    "name": "minecraft:leaves",                    "weight": 4,                    "functions": [                        {                            "function": "minecraft:set_data",                            "data": 3                        }                    ]                },                {                    "type": "item",                    "name": "minecraft:anvil",                    "weight": 4,                    "functions": [                        {                            "function": "minecraft:set_data",                            "data": 2                        }                    ]                },                {                    "type": "item",                    "name": "minecraft:ender_pearl",                    "weight": 4                },                {                    "type": "item",                    "name": "minecraft:ender_eye",                    "weight": 4                },                {                    "type": "item",                    "name": "minecraft:experience_bottle",                    "weight": 4                },                {                    "type": "item",                    "name": "minecraft:dragon_breath",                    "weight": 4                },                {                    "type": "item",                    "name": "minecraft:potion",                    "weight": 4,                    "functions": [                        {                            "function": "minecraft:set_nbt",                            "tag": "{CustomPotionEffects:[{ShowParticles:1b,Duration:0,Id:26b,Amplifier:0b},{ShowParticles:0b,Duration:3,Id:14b,Amplifier:2b}],HideFlags:32,display:{Lore:[\"§aマナがぽちょっと詰まった飲み物。\",\"§a飲むとMPが大きく回復する。\",\"\",\"§7スプラッシュ化不可\"],Name:\"§2§lハイエーテル\"}}"                        }                    ]                },                {                    "type": "item",                    "name": "minecraft:lingering_potion",                    "weight": 4,                    "functions": [                        {                            "function": "minecraft:set_nbt",                            "tag": "{CustomPotionEffects:[{ShowParticles:1b,Duration:0,Id:19b,Amplifier:0b},{ShowParticles:0b,Duration:3,Id:14b,Amplifier:1b}],HideFlags:32,display:{Lore:[\"§bマナがちょぴっと詰まった瓶。\",\"§b中身に触れるとMPが回復する。\"],Name:\"§3§lエリアエーテル\"}}"                        }                    ]                },                {                    "type": "item",                    "name": "minecraft:potion",                    "weight": 4,                    "functions": [                        {                            "function": "minecraft:set_nbt",                            "tag": "{CustomPotionEffects:[{ShowParticles:1b,Duration:0,Id:5b,Amplifier:0b},{ShowParticles:0b,Duration:3,Id:14b,Amplifier:4b}],HideFlags:32,display:{Lore:[\"§dマナから作られた霊薬。\",\"§d飲むとHPとMPが半分回復する。\",\"\",\"§7スプラッシュ化不可\"],Name:\"§5§lエリクサー\"}}"                        }                    ]                },                {                    "type": "item",                    "name": "minecraft:golden_rail",                    "weight": 4                },                {                    "type": "item",                    "name": "minecraft:rail",                    "weight": 4                },                {                    "type": "item",                    "name": "minecraft:detector_rail",                    "weight": 4                },                {                    "type": "item",                    "name": "minecraft:activator_rail",                    "weight": 4                },                {                    "type": "item",                    "name": "minecraft:diamond_horse_armor",                    "weight": 4                },                {                    "type": "item",                    "name": "minecraft:golden_horse_armor",                    "weight": 4                },                {                    "type": "item",                    "name": "minecraft:iron_horse_armor",                    "weight": 4                },                                {                    "type": "item",                    "name": "minecraft:tipped_arrow",                    "weight": 2,                    "functions": [                        {                            "function": "minecraft:set_nbt",                            "tag": "{CustomPotionEffects:[{ShowParticles:1b,Duration:0,Id:25b,Amplifier:-128b},{ShowParticles:1b,Duration:0,Id:13b,Amplifier:29b},{Id:5b,Amplifier:127b,Duration:0,ShowParticles:0b},{Id:18b,Amplifier:2b,Duration:600,ShowParticles:0b}],HideFlags:32,display:{Lore:[\"§7刺さった者の力を消滅させた後、弱らせる。\"],Name:\"§c§lレッドプリズム\"}}"                        },                        {                            "function": "set_count",                            "count": {                                "min": 1,                                "max": 16                            }                        }                    ]                },                {                    "type": "item",                    "name": "minecraft:tipped_arrow",                    "weight": 2,                    "functions": [                        {                            "function": "minecraft:set_nbt",                            "tag": "{CustomPotionEffects:[{ShowParticles:1b,Duration:0,Id:25b,Amplifier:-128b},{ShowParticles:1b,Duration:0,Id:27b,Amplifier:127b},{Id:12b,Amplifier:127b,Duration:0,ShowParticles:0b},{Id:11b,Amplifier:-2b,Duration:100,ShowParticles:0b}],HideFlags:32,display:{Lore:[\"§7刺さった者の火への耐性を消滅させた後、柔らかくする。\"],Name:\"§6§lオレンジプリズム\"}}"                        },                        {                            "function": "set_count",                            "count": {                                "min": 1,                                "max": 16                            }                        }                    ]                },                {                    "type": "item",                    "name": "minecraft:tipped_arrow",                    "weight": 2,                    "functions": [                        {                            "function": "minecraft:set_nbt",                            "tag": "{CustomPotionEffects:[{ShowParticles:1b,Duration:0,Id:25b,Amplifier:-128b},{ShowParticles:1b,Duration:0,Id:13b,Amplifier:127b},{Id:10b,Amplifier:127b,Duration:0,ShowParticles:0b},{Id:19b,Amplifier:2b,Duration:600,ShowParticles:0b}],HideFlags:32,display:{Lore:[\"§7刺さった者の再生能力を消滅させた後、毒を与える。\"],Name:\"§e§lイエロープリズム\"}}"                        },                        {                            "function": "set_count",                            "count": {                                "min": 1,                                "max": 16                            }                        }                    ]                },                {                    "type": "item",                    "name": "minecraft:tipped_arrow",                    "weight": 2,                    "functions": [                        {                            "function": "minecraft:set_nbt",                            "tag": "{CustomPotionEffects:[{ShowParticles:1b,Duration:0,Id:25b,Amplifier:-128b},{ShowParticles:1b,Duration:0,Id:13b,Amplifier:113b},{Id:8b,Amplifier:127b,Duration:0,ShowParticles:0b},{Id:24b,Amplifier:1b,Duration:1200,ShowParticles:0b}],HideFlags:32,display:{Lore:[\"§7刺さった者の脚力を並にした後、発光させる。\"],Name:\"§a§lグリーンプリズム\"}}"                        },                        {                            "function": "set_count",                            "count": {                                "min": 1,                                "max": 16                            }                        }                    ]                },                {                    "type": "item",                    "name": "minecraft:tipped_arrow",                    "weight": 2,                    "functions": [                        {                            "function": "minecraft:set_nbt",                            "tag": "{CustomPotionEffects:[{ShowParticles:1b,Duration:0,Id:25b,Amplifier:-128b},{ShowParticles:1b,Duration:0,Id:23b,Amplifier:87b},{Id:1b,Amplifier:127b,Duration:0,ShowParticles:0b},{Id:2b,Amplifier:2b,Duration:600,ShowParticles:0b}],HideFlags:32,display:{Lore:[\"§7刺さった者の移動力を並にした後、鈍足にする。\"],Name:\"§b§lシアンプリズム\"}}"                        },                        {                            "function": "set_count",                            "count": {                                "min": 1,                                "max": 16                            }                        }                    ]                },                {                    "type": "item",                    "name": "minecraft:tipped_arrow",                    "weight": 2,                    "functions": [                        {                            "function": "minecraft:set_nbt",                            "tag": "{CustomPotionEffects:[{ShowParticles:1b,Duration:0,Id:25b,Amplifier:-128b},{ShowParticles:1b,Duration:0,Id:13b,Amplifier:118b},{Id:25b,Amplifier:127b,Duration:0,ShowParticles:0b},{Id:8b,Amplifier:-2b,Duration:200,ShowParticles:0b}],HideFlags:32,display:{Lore:[\"§7刺さった者の浮遊を解いた後、足を脆くする。\"],Name:\"§9§lブループリズム\"}}"                        },                        {                            "function": "set_count",                            "count": {                                "min": 1,                                "max": 16                            }                        }                    ]                },                {                    "type": "item",                    "name": "minecraft:tipped_arrow",                    "weight": 2,                    "functions": [                        {                            "function": "minecraft:set_nbt",                            "tag": "{CustomPotionEffects:[{ShowParticles:1b,Duration:0,Id:25b,Amplifier:-128b},{ShowParticles:1b,Duration:0,Id:13b,Amplifier:111b},{Id:11b,Amplifier:-2b,Duration:60,ShowParticles:0b},{Id:20b,Amplifier:2b,Duration:60,ShowParticles:0b}],HideFlags:32,display:{Lore:[\"§7刺さった者の防御力を下げた後、呪う。\"],Name:\"§d§lバイオレットプリズム\"}}"                        },                        {                            "function": "set_count",                            "count": {                                "min": 1,                                "max": 16                            }                        }                    ]                },                {                    "type": "item",                    "name": "minecraft:record_13",                    "weight": 1                },                {                    "type": "item",                    "name": "minecraft:record_cat",                    "weight": 1                },                {                    "type": "item",                    "name": "minecraft:record_blocks",                    "weight": 1                },                {                    "type": "item",                    "name": "minecraft:record_chirp",                    "weight": 1                },                {                    "type": "item",                    "name": "minecraft:record_far",                    "weight": 1                },                {                    "type": "item",                    "name": "minecraft:record_mall",                    "weight": 1                },                {                    "type": "item",                    "name": "minecraft:record_mellohi",                    "weight": 1                },                {                    "type": "item",                    "name": "minecraft:record_stal",                    "weight": 1                },                {                    "type": "item",                    "name": "minecraft:record_strad",                    "weight": 1                },                {                    "type": "item",                    "name": "minecraft:record_ward",                    "weight": 1                },                {                    "type": "item",                    "name": "minecraft:record_11",                    "weight": 1                },                {                    "type": "item",                    "name": "minecraft:record_wait",                    "weight": 1                }            ]        }    ]}