﻿{    "pools": [        {            "rolls": 1,            "entries": [                {                    "type": "item",                    "name": "minecraft:ender_pearl",                    "weight": 1,                    "functions": [                        {                            "function": "set_count",                            "count": 0                        },                        {                            "conditions": [                                {                                    "condition": "random_chance_with_looting",                                    "chance": -1,                                    "looting_multiplier": 0.1                                },                                {                                    "condition": "random_chance",                                    "chance": 0.2                                }                            ],                            "function": "set_count",                            "count": 1                        }                    ]                },                {                    "type": "item",                    "name": "minecraft:ender_eye",                    "weight": 1                }            ]        }    ]}