﻿{    "pools": [        {            "rolls": 3,            "entries": [                {                    "type": "item",                    "name": "minecraft:red_mushroom",                    "weight": 19                },                {                    "type": "item",                    "name": "minecraft:brown_mushroom",                    "weight": 1                }            ]        },        {            "rolls": 1,            "entries": [                {                    "type": "item",                    "name": "minecraft:leather",                    "weight": 1,                    "functions": [                        {                            "function": "set_count",                            "count": {                                "min": 0,                                "max": 2                            }                        },                        {                            "function": "looting_enchant",                            "count": {                                "min": 0,                                "max": 1                            }                        }                    ]                }            ]        },        {            "rolls": 1,            "conditions" : [                {                    "condition": "random_chance",                    "chance": 0.05                }            ],            "entries": [                {                    "type": "item",                    "name": "minecraft:beef",                    "weight": 1,                    "functions": [                        {                            "function": "set_count",                            "count": 1                        },                        {                            "function": "furnace_smelt",                            "conditions": [                                {                                    "condition": "entity_properties",                                    "entity": "this",                                    "properties": {                                        "on_fire": true                                    }                                }                            ]                        }                    ]                }            ]        }    ]}