﻿{
    "pools": [
        {
            "rolls": 1,
            "conditions" : [
                {
                    "condition": "random_chance",
                    "chance": 0.05
                }
            ],
            "entries": [
                {
                    "type": "item",
                    "name": "minecraft:mutton",
                    "weight": 1,
                    "functions": [
                        {
                            "function": "set_count",
                            "count": 1
                        },
                        {
                            "function": "furnace_smelt",
                            "conditions": [
                                {
                                    "condition": "entity_properties",
                                    "entity": "this",
                                    "properties": {
                                        "on_fire": true
                                    }
                                }
                            ]
                        }
                    ]
                }
            ]
        },
        {
            "rolls": 1,
            "conditions" : [
                {
                    "condition": "random_chance",
                    "chance": 0.005
                }
            ],
            "entries": [
                {
                    "type": "item",
                    "name": "minecraft:emerald",
                    "weight": 1,
                    "functions": [
                        {
                            "function": "set_count",
                            "count": 5
                        }
                    ]
                }
            ]
        },
        {
            "rolls": 1,
            "conditions" : [
                {
                    "condition": "random_chance",
                    "chance": 0.12
                }
            ],
            "entries": [
                {
                    "type": "item",
                    "name": "minecraft:torch",
                    "weight": 1,
                    "functions": [
                        {
                            "function": "set_count",
                            "count": 3
                        }
                    ]
                }
            ]
        }
    ]
}