﻿{    "pools": [        {            "rolls": 1,            "entries": [                {                    "type": "item",                    "name": "minecraft:nether_star",                    "weight": 1,                    "functions": [                        {                            "function": "minecraft:set_count",                            "count": {                                "min": 3,                                "max": 5                            }                        }                    ]                }            ]        },        {            "rolls": 1,            "entries": [                {                    "type": "loot_table",                    "name": "minecraft:entities/guardian",                    "weight": 1                }            ]        }    ]}