﻿{
    "pools": [
        {
            "rolls": 1,
            "entries": [
                {
                    "type": "item",
                    "name": "minecraft:gold_ingot",
                    "weight": 1
                }
            ]
        },
        {
            "rolls": 1,
            "entries": [
                {
                    "type": "loot_table",
                    "name": "minecraft:entities/sheep/yellow",
                    "weight": 1
                }
            ]
        },
        {
            "rolls": 1,
            "conditions" : [
                {
                    "condition": "random_chance",
                    "chance": 0.3
                }
            ],
            "entries": [
                {
                    "type": "item",
                    "name": "minecraft:spawn_egg",
                    "weight": 1,
                    "functions": [
                        {
                            "function": "set_count",
                            "count": 1
                        },
                        {
                            "function": "set_nbt",
                            "tag": "{display:{Name:\"§7篝火のスポーンエッグ\",Lore:[\"§8種類:据え置き型\",\"\",\"§c§l注意:\",\"§c設置すると回収することができない\"]},EntityTag:{id:\"Villager\",CustomName:\"篝火\",Fire:32767s,Silent:1b,Health:200.0f,Invulnerable:true,Attributes:[{Name:\"generic.maxHealth\",Base:200.0d},{Name:\"generic.movementSpeed\",Base:0.0d},{Name:\"generic.knockbackResistance\",Base:1.0d}],ActiveEffects:[{Id:14b,Amplifier:0b,Duration:2147483647,ShowParticles:false},{Id:12b,Amplifier:0b,Duration:2147483647,ShowParticles:false}],ArmorItems:[{},{},{},{id:\"log2\",Damage:1s,}],ArmorDropChances:[0.0f,0.0f,0.0f,0.0f],DeathLootTable:\"empty\",NoAI:true,CareerLevel:100,Offers:{Recipes:[{maxUses:2147483647,uses:0,rewardExp:false,buy:{id:minecraft:lever,Count:1b,tag:{display:{Name:\"§7消えた松明\"}}},sell:{id:minecraft:torch,Count:1b}}]},Tags:[\"TypeChecked\",\"ISFOnTorch\",\"ISFNtZmbk\"]},CanPlaceOn:[\"stone\",\"grass\",\"dirt\",\"cobblestone\",\"planks\",\"sapling\",\"bedrock\",\"flowing_water\",\"water\",\"flowing_lava\",\"lava\",\"sand\",\"gravel\",\"gold_ore\",\"iron_ore\",\"coal_ore\",\"log\",\"leaves\",\"sponge\",\"glass\",\"lapis_ore\",\"lapis_block\",\"dispenser\",\"sandstone\",\"noteblock\",\"bed\",\"golden_rail\",\"detector_rail\",\"sticky_piston\",\"web\",\"tallgrass\",\"deadbush\",\"piston\",\"piston_head\",\"wool\",\"piston_extension\",\"yellow_flower\",\"red_flower\",\"brown_mushroom\",\"red_mushroom\",\"gold_block\",\"iron_block\",\"double_stone_slab\",\"stone_slab\",\"brick_block\",\"tnt\",\"bookshelf\",\"mossy_cobblestone\",\"obsidian\",\"torch\",\"fire\",\"oak_stairs\",\"chest\",\"redstone_wire\",\"diamond_ore\",\"diamond_block\",\"crafting_table\",\"wheat\",\"farmland\",\"furnace\",\"lit_furnace\",\"standing_sign\",\"wooden_door\",\"ladder\",\"rail\",\"stone_stairs\",\"wall_sign\",\"lever\",\"stone_pressure_plate\",\"iron_door\",\"wooden_pressure_plate\",\"redstone_ore\",\"lit_redstone_ore\",\"unlit_redstone_torch\",\"redstone_torch\",\"stone_button\",\"snow_layer\",\"ice\",\"snow\",\"cactus\",\"clay\",\"reeds\",\"jukebox\",\"fence\",\"pumpkin\",\"netherrack\",\"soul_sand\",\"glowstone\",\"portal\",\"lit_pumpkin\",\"cake\",\"unpowered_repeater\",\"powered_repeater\",\"stained_glass\",\"trapdoor\",\"monster_egg\",\"stonebrick\",\"brown_mushroom_block\",\"red_mushroom_block\",\"iron_bars\",\"glass_pane\",\"melon_block\",\"pumpkin_stem\",\"melon_stem\",\"vine\",\"fence_gate\",\"brick_stairs\",\"stone_brick_stairs\",\"mycelium\",\"waterlily\",\"nether_brick\",\"nether_brick_fence\",\"nether_brick_stairs\",\"nether_wart\",\"enchanting_table\",\"brewing_stand\",\"cauldron\",\"end_portal\",\"end_portal_frame\",\"end_stone\",\"dragon_egg\",\"redstone_lamp\",\"lit_redstone_lamp\",\"double_wooden_slab\",\"wooden_slab\",\"cocoa\",\"sandstone_stairs\",\"emerald_ore\",\"ender_chest\",\"tripwire_hook\",\"tripwire\",\"emerald_block\",\"spruce_stairs\",\"birch_stairs\",\"jungle_stairs\",\"command_block\",\"beacon\",\"cobblestone_wall\",\"flower_pot\",\"carrots\",\"potatoes\",\"wooden_button\",\"skull\",\"anvil\",\"trapped_chest\",\"light_weighted_pressure_plate\",\"heavy_weighted_pressure_plate\",\"unpowered_comparator\",\"powered_comparator\",\"daylight_detector\",\"redstone_block\",\"quartz_ore\",\"hopper\",\"quartz_block\",\"quartz_stairs\",\"activator_rail\",\"dropper\",\"stained_hardened_clay\",\"stained_glass_pane\",\"leaves2\",\"log2\",\"acacia_stairs\",\"dark_oak_stairs\",\"slime\",\"barrier\",\"iron_trapdoor\",\"prismarine\",\"sea_lantern\",\"hay_block\",\"carpet\",\"hardened_clay\",\"coal_block\",\"packed_ice\",\"double_plant\",\"standing_banner\",\"wall_banner\",\"daylight_detector_inverted\",\"red_sandstone\",\"red_sandstone_stairs\",\"double_stone_slab2\",\"stone_slab2\",\"spruce_fence_gate\",\"birch_fence_gate\",\"jungle_fence_gate\",\"dark_oak_fence_gate\",\"acacia_fence_gate\",\"spruce_fence\",\"birch_fence\",\"jungle_fence\",\"dark_oak_fence\",\"acacia_fence\",\"spruce_door\",\"birch_door\",\"jungle_door\",\"acacia_door\",\"dark_oak_door\",\"end_rod\",\"chorus_plant\",\"chorus_flower\",\"purpur_block\",\"purpur_pillar\",\"purpur_stairs\",\"purpur_double_slab\",\"purpur_slab\",\"end_bricks\",\"beetroots\",\"grass_path\",\"end_gateway\",\"repeating_command_block\",\"chain_command_block\",\"frosted_ice\",\"magma\",\"nether_wart_block\",\"red_nether_brick\",\"bone_block\",\"structure_void\",\"observer\",\"white_shulker_box\",\"orange_shulker_box\",\"magenta_shulker_box\",\"light_blue_shulker_box\",\"yellow_shulker_box\",\"lime_shulker_box\",\"pink_shulker_box\",\"gray_shulker_box\",\"light_gray_shulker_box\",\"cyan_shulker_box\",\"purple_shulker_box\",\"blue_shulker_box\",\"brown_shulker_box\",\"green_shulker_box\",\"red_shulker_box\",\"black_shulker_box\",\"structure_block\"],HideFlags:16,RepairCost:1000000000,ench:[]}"
                        }
                    ]
                }
            ]
        }
    ]
}