﻿{    "pools": [        {            "rolls": 1,            "entries": [                {                    "type": "item",                    "name": "minecraft:diamond_shovel",                    "weight": 15,                    "functions": [                        {                            "conditions": [                                {                                    "condition": "random_chance",                                    "chance": 0.5                                }                            ],                            "function": "enchant_with_levels",                            "treasure": false,                            "levels": {                                "min": 0,                                "max": 40                            }                        }                    ]                },                {                    "type": "item",                    "name": "minecraft:diamond_sword",                    "weight": 15,                    "functions": [                        {                            "conditions": [                                {                                    "condition": "random_chance",                                    "chance": 0.5                                }                            ],                            "function": "enchant_with_levels",                            "treasure": false,                            "levels": {                                "min": 0,                                "max": 40                            }                        }                    ]                },                {                    "type": "item",                    "name": "minecraft:diamond_axe",                    "weight": 15,                    "functions": [                        {                            "conditions": [                                {                                    "condition": "random_chance",                                    "chance": 0.5                                }                            ],                            "function": "enchant_with_levels",                            "treasure": false,                            "levels": {                                "min": 0,                                "max": 40                            }                        }                    ]                },                {                    "type": "item",                    "name": "minecraft:diamond_pickaxe",                    "weight": 15,                    "functions": [                        {                            "conditions": [                                {                                    "condition": "random_chance",                                    "chance": 0.5                                }                            ],                            "function": "enchant_with_levels",                            "treasure": false,                            "levels": {                                "min": 0,                                "max": 40                            }                        }                    ]                },                {                    "type": "item",                    "name": "minecraft:diamond_hoe",                    "weight": 10                },                {                    "type": "item",                    "name": "minecraft:diamond_boots",                    "weight": 10,                    "functions": [                        {                            "conditions": [                                {                                    "condition": "random_chance",                                    "chance": 0.5                                }                            ],                            "function": "enchant_with_levels",                            "treasure": false,                            "levels": {                                "min": 0,                                "max": 40                            }                        }                    ]                },                {                    "type": "item",                    "name": "minecraft:diamond_helmet",                    "weight": 10,                    "functions": [                        {                            "conditions": [                                {                                    "condition": "random_chance",                                    "chance": 0.5                                }                            ],                            "function": "enchant_with_levels",                            "treasure": false,                            "levels": {                                "min": 0,                                "max": 40                            }                        }                    ]                },                {                    "type": "item",                    "name": "minecraft:diamond_leggings",                    "weight": 5,                    "functions": [                        {                            "conditions": [                                {                                    "condition": "random_chance",                                    "chance": 0.5                                }                            ],                            "function": "enchant_with_levels",                            "treasure": false,                            "levels": {                                "min": 0,                                "max": 40                            }                        }                    ]                },                {                    "type": "item",                    "name": "minecraft:diamond_chestplate",                    "weight": 5,                    "functions": [                        {                            "conditions": [                                {                                    "condition": "random_chance",                                    "chance": 0.5                                }                            ],                            "function": "enchant_with_levels",                            "treasure": false,                            "levels": {                                "min": 0,                                "max": 40                            }                        }                    ]                },                {                    "type": "item",                    "name": "minecraft:diamond",                    "weight": 5                }            ]        }    ]}