﻿{    "pools": [        {            "rolls": 1,            "entries": [                {                    "type": "item",                    "name": "minecraft:potion",                    "weight": 1,                    "functions": [                        {                            "function": "set_nbt",                            "tag": "{HideFlags:32,CustomPotionEffects:[{Id:26b,Duration:0,Amplifier:0b,ShowParticles:true},{Id:14b,Duration:3,Amplifier:2b,ShowParticles:false}],display:{Name:\"§2§lハイエーテル\",Lore:[\"§aマナがぽちょっと詰まった飲み物。\",\"§a飲むとMPが大きく回復する。\",\"\",\"§7スプラッシュ化不可\"]}}"                        }                    ]                }            ]        }    ]}