﻿{    "pools": [        {            "rolls": 1,            "entries": [                {                    "type": "item",                    "name": "minecraft:paper",                    "weight": 30,                    "functions": [                        {                            "function": "set_count",                            "count": 10                        },                        {                            "function": "set_nbt",                            "tag": "{display:{Name:\"§bポケットティッシュ\",Lore:[\"§r(  ´∀｀)つ□\"]}}"                        }                    ]                },                {                    "type": "item",                    "name": "minecraft:cookie",                    "weight": 30,                    "functions": [                        {                            "function": "set_count",                            "count": 3                        },                        {                            "function": "set_nbt",                            "tag": "{display:{Name:\"§bGrandmaの手作りクッキー\",Lore:[\"§rクリックしても増えません\"]}}"                        }                    ]                },                {                    "type": "loot_table",                    "name": "usb:signs/sapling/lemonade",                    "weight": 18                },                {                    "type": "loot_table",                    "name": "usb:signs/sapling/housekeepingset",                    "weight": 18                },                {                    "type": "item",                    "name": "minecraft:deadbush",                    "weight": 2,                    "functions": [                        {                            "function": "set_count",                            "count": 1                        },                        {                            "function": "set_nbt",                            "tag": "{display:{Name:\"§b枯れた苗木\",Lore:[\"§r許してヒヤシンス(ゝω・)\"]}}"                        }                    ]                },                {                    "type": "item",                    "name": "minecraft:sapling",                    "weight": 2,                    "functions": [                        {                            "function": "set_count",                            "count": 1                        },                        {                            "function": "set_data",                            "data": 3                        },                        {                            "function": "set_nbt",                            "tag": "{display:{Name:\"§b苗木\",Lore:[\"§rこれが欲しかったんだろ？\"]}}"                        }                    ]                }            ]        }    ]}